combo,trend_strength_strong,trend_strength_sideways,vol_expanding_mult,hurst_accumulation,mr_min_score,pf,sharpe,wr,dd,return,trades
TS0.35_SS0.25_VE1.15_HA0.40_MR2.0,0.35,0.25,1.15,0.4,2.0,1.59,1.7,51.2,26.79,1371.55,465
TS0.35_SS0.25_VE1.15_HA0.40_MR2.5,0.35,0.25,1.15,0.4,2.5,1.65,1.79,52.1,23.8,1474.03,463
TS0.35_SS0.25_VE1.15_HA0.40_MR3.0,0.35,0.25,1.15,0.4,3.0,1.65,1.8,51.8,22.11,1446.54,452
TS0.35_SS0.25_VE1.15_HA0.45_MR2.0,0.35,0.25,1.15,0.45,2.0,1.59,1.7,51.2,26.79,1371.55,465
TS0.35_SS0.25_VE1.15_HA0.45_MR2.5,0.35,0.25,1.15,0.45,2.5,1.65,1.79,52.1,23.8,1474.03,463
TS0.35_SS0.25_VE1.15_HA0.45_MR3.0,0.35,0.25,1.15,0.45,3.0,1.65,1.8,51.8,22.11,1446.54,452
TS0.35_SS0.25_VE1.15_HA0.50_MR2.0,0.35,0.25,1.15,0.5,2.0,1.59,1.7,51.2,26.79,1371.55,465
TS0.35_SS0.25_VE1.15_HA0.50_MR2.5,0.35,0.25,1.15,0.5,2.5,1.65,1.79,52.1,23.8,1474.03,463
TS0.35_SS0.25_VE1.15_HA0.50_MR3.0,0.35,0.25,1.15,0.5,3.0,1.65,1.8,51.8,22.11,1446.54,452
TS0.35_SS0.25_VE1.20_HA0.40_MR2.0,0.35,0.25,1.2,0.4,2.0,1.59,1.7,51.2,26.79,1371.55,465
TS0.35_SS0.25_VE1.20_HA0.40_MR2.5,0.35,0.25,1.2,0.4,2.5,1.65,1.79,52.1,23.8,1474.03,463
TS0.35_SS0.25_VE1.20_HA0.40_MR3.0,0.35,0.25,1.2,0.4,3.0,1.65,1.8,51.8,22.11,1446.54,452
TS0.35_SS0.25_VE1.20_HA0.45_MR2.0,0.35,0.25,1.2,0.45,2.0,1.59,1.7,51.2,26.79,1371.55,465
TS0.35_SS0.25_VE1.20_HA0.45_MR2.5,0.35,0.25,1.2,0.45,2.5,1.65,1.79,52.1,23.8,1474.03,463
TS0.35_SS0.25_VE1.20_HA0.45_MR3.0,0.35,0.25,1.2,0.45,3.0,1.65,1.8,51.8,22.11,1446.54,452
TS0.35_SS0.25_VE1.20_HA0.50_MR2.0,0.35,0.25,1.2,0.5,2.0,1.59,1.7,51.2,26.79,1371.55,465
TS0.35_SS0.25_VE1.20_HA0.50_MR2.5,0.35,0.25,1.2,0.5,2.5,1.65,1.79,52.1,23.8,1474.03,463
TS0.35_SS0.25_VE1.20_HA0.50_MR3.0,0.35,0.25,1.2,0.5,3.0,1.65,1.8,51.8,22.11,1446.54,452
TS0.35_SS0.25_VE1.25_HA0.40_MR2.0,0.35,0.25,1.25,0.4,2.0,1.59,1.7,51.2,26.79,1371.55,465
TS0.35_SS0.25_VE1.25_HA0.40_MR2.5,0.35,0.25,1.25,0.4,2.5,1.65,1.79,52.1,23.8,1474.03,463
TS0.35_SS0.25_VE1.25_HA0.40_MR3.0,0.35,0.25,1.25,0.4,3.0,1.65,1.8,51.8,22.11,1446.54,452
TS0.35_SS0.25_VE1.25_HA0.45_MR2.0,0.35,0.25,1.25,0.45,2.0,1.59,1.7,51.2,26.79,1371.55,465
TS0.35_SS0.25_VE1.25_HA0.45_MR2.5,0.35,0.25,1.25,0.45,2.5,1.65,1.79,52.1,23.8,1474.03,463
TS0.35_SS0.25_VE1.25_HA0.45_MR3.0,0.35,0.25,1.25,0.45,3.0,1.65,1.8,51.8,22.11,1446.54,452
TS0.35_SS0.25_VE1.25_HA0.50_MR2.0,0.35,0.25,1.25,0.5,2.0,1.59,1.7,51.2,26.79,1371.55,465
TS0.35_SS0.25_VE1.25_HA0.50_MR2.5,0.35,0.25,1.25,0.5,2.5,1.65,1.79,52.1,23.8,1474.03,463
TS0.35_SS0.25_VE1.25_HA0.50_MR3.0,0.35,0.25,1.25,0.5,3.0,1.65,1.8,51.8,22.11,1446.54,452
TS0.35_SS0.30_VE1.15_HA0.40_MR2.0,0.35,0.3,1.15,0.4,2.0,1.57,1.61,50.9,30.18,1361.39,477
TS0.35_SS0.30_VE1.15_HA0.40_MR2.5,0.35,0.3,1.15,0.4,2.5,1.62,1.67,51.7,30.18,1450.54,472
TS0.35_SS0.30_VE1.15_HA0.40_MR3.0,0.35,0.3,1.15,0.4,3.0,1.67,1.86,52.1,22.54,1475.38,455
TS0.35_SS0.30_VE1.15_HA0.45_MR2.0,0.35,0.3,1.15,0.45,2.0,1.57,1.61,50.9,30.18,1361.39,477
TS0.35_SS0.30_VE1.15_HA0.45_MR2.5,0.35,0.3,1.15,0.45,2.5,1.62,1.67,51.7,30.18,1450.54,472
TS0.35_SS0.30_VE1.15_HA0.45_MR3.0,0.35,0.3,1.15,0.45,3.0,1.67,1.86,52.1,22.54,1475.38,455
TS0.35_SS0.30_VE1.15_HA0.50_MR2.0,0.35,0.3,1.15,0.5,2.0,1.57,1.61,50.9,30.18,1361.39,477
TS0.35_SS0.30_VE1.15_HA0.50_MR2.5,0.35,0.3,1.15,0.5,2.5,1.62,1.67,51.7,30.18,1450.54,472
TS0.35_SS0.30_VE1.15_HA0.50_MR3.0,0.35,0.3,1.15,0.5,3.0,1.67,1.86,52.1,22.54,1475.38,455
TS0.35_SS0.30_VE1.20_HA0.40_MR2.0,0.35,0.3,1.2,0.4,2.0,1.57,1.61,50.9,30.18,1361.39,477
TS0.35_SS0.30_VE1.20_HA0.40_MR2.5,0.35,0.3,1.2,0.4,2.5,1.62,1.67,51.7,30.18,1450.54,472
TS0.35_SS0.30_VE1.20_HA0.40_MR3.0,0.35,0.3,1.2,0.4,3.0,1.67,1.86,52.1,22.54,1475.38,455
TS0.35_SS0.30_VE1.20_HA0.45_MR2.0,0.35,0.3,1.2,0.45,2.0,1.57,1.61,50.9,30.18,1361.39,477
TS0.35_SS0.30_VE1.20_HA0.45_MR2.5,0.35,0.3,1.2,0.45,2.5,1.62,1.67,51.7,30.18,1450.54,472
TS0.35_SS0.30_VE1.20_HA0.45_MR3.0,0.35,0.3,1.2,0.45,3.0,1.67,1.86,52.1,22.54,1475.38,455
TS0.35_SS0.30_VE1.20_HA0.50_MR2.0,0.35,0.3,1.2,0.5,2.0,1.57,1.61,50.9,30.18,1361.39,477
TS0.35_SS0.30_VE1.20_HA0.50_MR2.5,0.35,0.3,1.2,0.5,2.5,1.62,1.67,51.7,30.18,1450.54,472
TS0.35_SS0.30_VE1.20_HA0.50_MR3.0,0.35,0.3,1.2,0.5,3.0,1.67,1.86,52.1,22.54,1475.38,455
TS0.35_SS0.30_VE1.25_HA0.40_MR2.0,0.35,0.3,1.25,0.4,2.0,1.57,1.61,50.9,30.18,1361.39,477
TS0.35_SS0.30_VE1.25_HA0.40_MR2.5,0.35,0.3,1.25,0.4,2.5,1.62,1.67,51.7,30.18,1450.54,472
TS0.35_SS0.30_VE1.25_HA0.40_MR3.0,0.35,0.3,1.25,0.4,3.0,1.67,1.86,52.1,22.54,1475.38,455
TS0.35_SS0.30_VE1.25_HA0.45_MR2.0,0.35,0.3,1.25,0.45,2.0,1.57,1.61,50.9,30.18,1361.39,477
TS0.35_SS0.30_VE1.25_HA0.45_MR2.5,0.35,0.3,1.25,0.45,2.5,1.62,1.67,51.7,30.18,1450.54,472
TS0.35_SS0.30_VE1.25_HA0.45_MR3.0,0.35,0.3,1.25,0.45,3.0,1.67,1.86,52.1,22.54,1475.38,455
TS0.35_SS0.30_VE1.25_HA0.50_MR2.0,0.35,0.3,1.25,0.5,2.0,1.57,1.61,50.9,30.18,1361.39,477
TS0.35_SS0.30_VE1.25_HA0.50_MR2.5,0.35,0.3,1.25,0.5,2.5,1.62,1.67,51.7,30.18,1450.54,472
TS0.35_SS0.30_VE1.25_HA0.50_MR3.0,0.35,0.3,1.25,0.5,3.0,1.67,1.86,52.1,22.54,1475.38,455
TS0.35_SS0.35_VE1.15_HA0.40_MR2.0,0.35,0.35,1.15,0.4,2.0,1.51,1.54,50.9,34.36,1259.99,479
TS0.35_SS0.35_VE1.15_HA0.40_MR2.5,0.35,0.35,1.15,0.4,2.5,1.5,1.52,51.4,37.21,1237.16,477
TS0.35_SS0.35_VE1.15_HA0.40_MR3.0,0.35,0.35,1.15,0.4,3.0,1.59,1.77,52.1,22.54,1364.5,461
TS0.35_SS0.35_VE1.15_HA0.45_MR2.0,0.35,0.35,1.15,0.45,2.0,1.51,1.54,50.9,34.36,1259.99,479
TS0.35_SS0.35_VE1.15_HA0.45_MR2.5,0.35,0.35,1.15,0.45,2.5,1.5,1.52,51.4,37.21,1237.16,477
TS0.35_SS0.35_VE1.15_HA0.45_MR3.0,0.35,0.35,1.15,0.45,3.0,1.59,1.77,52.1,22.54,1364.5,461
TS0.35_SS0.35_VE1.15_HA0.50_MR2.0,0.35,0.35,1.15,0.5,2.0,1.51,1.54,50.9,34.36,1259.99,479
TS0.35_SS0.35_VE1.15_HA0.50_MR2.5,0.35,0.35,1.15,0.5,2.5,1.5,1.52,51.4,37.21,1237.16,477
TS0.35_SS0.35_VE1.15_HA0.50_MR3.0,0.35,0.35,1.15,0.5,3.0,1.59,1.77,52.1,22.54,1364.5,461
TS0.35_SS0.35_VE1.20_HA0.40_MR2.0,0.35,0.35,1.2,0.4,2.0,1.51,1.54,50.9,34.36,1259.99,479
TS0.35_SS0.35_VE1.20_HA0.40_MR2.5,0.35,0.35,1.2,0.4,2.5,1.5,1.52,51.4,37.21,1237.16,477
TS0.35_SS0.35_VE1.20_HA0.40_MR3.0,0.35,0.35,1.2,0.4,3.0,1.59,1.77,52.1,22.54,1364.5,461
TS0.35_SS0.35_VE1.20_HA0.45_MR2.0,0.35,0.35,1.2,0.45,2.0,1.51,1.54,50.9,34.36,1259.99,479
TS0.35_SS0.35_VE1.20_HA0.45_MR2.5,0.35,0.35,1.2,0.45,2.5,1.5,1.52,51.4,37.21,1237.16,477
TS0.35_SS0.35_VE1.20_HA0.45_MR3.0,0.35,0.35,1.2,0.45,3.0,1.59,1.77,52.1,22.54,1364.5,461
TS0.35_SS0.35_VE1.20_HA0.50_MR2.0,0.35,0.35,1.2,0.5,2.0,1.51,1.54,50.9,34.36,1259.99,479
TS0.35_SS0.35_VE1.20_HA0.50_MR2.5,0.35,0.35,1.2,0.5,2.5,1.5,1.52,51.4,37.21,1237.16,477
TS0.35_SS0.35_VE1.20_HA0.50_MR3.0,0.35,0.35,1.2,0.5,3.0,1.59,1.77,52.1,22.54,1364.5,461
TS0.35_SS0.35_VE1.25_HA0.40_MR2.0,0.35,0.35,1.25,0.4,2.0,1.51,1.54,50.9,34.36,1259.99,479
TS0.35_SS0.35_VE1.25_HA0.40_MR2.5,0.35,0.35,1.25,0.4,2.5,1.5,1.52,51.4,37.21,1237.16,477
TS0.35_SS0.35_VE1.25_HA0.40_MR3.0,0.35,0.35,1.25,0.4,3.0,1.59,1.77,52.1,22.54,1364.5,461
TS0.35_SS0.35_VE1.25_HA0.45_MR2.0,0.35,0.35,1.25,0.45,2.0,1.51,1.54,50.9,34.36,1259.99,479
TS0.35_SS0.35_VE1.25_HA0.45_MR2.5,0.35,0.35,1.25,0.45,2.5,1.5,1.52,51.4,37.21,1237.16,477
TS0.35_SS0.35_VE1.25_HA0.45_MR3.0,0.35,0.35,1.25,0.45,3.0,1.59,1.77,52.1,22.54,1364.5,461
TS0.35_SS0.35_VE1.25_HA0.50_MR2.0,0.35,0.35,1.25,0.5,2.0,1.51,1.54,50.9,34.36,1259.99,479
TS0.35_SS0.35_VE1.25_HA0.50_MR2.5,0.35,0.35,1.25,0.5,2.5,1.5,1.52,51.4,37.21,1237.16,477
TS0.35_SS0.35_VE1.25_HA0.50_MR3.0,0.35,0.35,1.25,0.5,3.0,1.59,1.77,52.1,22.54,1364.5,461
TS0.40_SS0.25_VE1.15_HA0.40_MR2.0,0.4,0.25,1.15,0.4,2.0,1.61,1.73,51.4,26.24,1388.58,463
TS0.40_SS0.25_VE1.15_HA0.40_MR2.5,0.4,0.25,1.15,0.4,2.5,1.68,1.83,52.6,22.69,1518.5,458
TS0.40_SS0.25_VE1.15_HA0.40_MR3.0,0.4,0.25,1.15,0.4,3.0,1.7,1.84,52.5,22.11,1471.2,446
TS0.40_SS0.25_VE1.15_HA0.45_MR2.0,0.4,0.25,1.15,0.45,2.0,1.61,1.73,51.4,26.24,1388.58,463
TS0.40_SS0.25_VE1.15_HA0.45_MR2.5,0.4,0.25,1.15,0.45,2.5,1.68,1.83,52.6,22.69,1518.5,458
TS0.40_SS0.25_VE1.15_HA0.45_MR3.0,0.4,0.25,1.15,0.45,3.0,1.7,1.84,52.5,22.11,1471.2,446
TS0.40_SS0.25_VE1.15_HA0.50_MR2.0,0.4,0.25,1.15,0.5,2.0,1.61,1.73,51.4,26.24,1388.58,463
TS0.40_SS0.25_VE1.15_HA0.50_MR2.5,0.4,0.25,1.15,0.5,2.5,1.68,1.83,52.6,22.69,1518.5,458
TS0.40_SS0.25_VE1.15_HA0.50_MR3.0,0.4,0.25,1.15,0.5,3.0,1.7,1.84,52.5,22.11,1471.2,446
TS0.40_SS0.25_VE1.20_HA0.40_MR2.0,0.4,0.25,1.2,0.4,2.0,1.61,1.73,51.4,26.24,1388.58,463
TS0.40_SS0.25_VE1.20_HA0.40_MR2.5,0.4,0.25,1.2,0.4,2.5,1.68,1.83,52.6,22.69,1518.5,458
TS0.40_SS0.25_VE1.20_HA0.40_MR3.0,0.4,0.25,1.2,0.4,3.0,1.7,1.84,52.5,22.11,1471.2,446
TS0.40_SS0.25_VE1.20_HA0.45_MR2.0,0.4,0.25,1.2,0.45,2.0,1.61,1.73,51.4,26.24,1388.58,463
TS0.40_SS0.25_VE1.20_HA0.45_MR2.5,0.4,0.25,1.2,0.45,2.5,1.68,1.83,52.6,22.69,1518.5,458
TS0.40_SS0.25_VE1.20_HA0.45_MR3.0,0.4,0.25,1.2,0.45,3.0,1.7,1.84,52.5,22.11,1471.2,446
TS0.40_SS0.25_VE1.20_HA0.50_MR2.0,0.4,0.25,1.2,0.5,2.0,1.61,1.73,51.4,26.24,1388.58,463
TS0.40_SS0.25_VE1.20_HA0.50_MR2.5,0.4,0.25,1.2,0.5,2.5,1.68,1.83,52.6,22.69,1518.5,458
TS0.40_SS0.25_VE1.20_HA0.50_MR3.0,0.4,0.25,1.2,0.5,3.0,1.7,1.84,52.5,22.11,1471.2,446
TS0.40_SS0.25_VE1.25_HA0.40_MR2.0,0.4,0.25,1.25,0.4,2.0,1.61,1.73,51.4,26.24,1388.58,463
TS0.40_SS0.25_VE1.25_HA0.40_MR2.5,0.4,0.25,1.25,0.4,2.5,1.68,1.83,52.6,22.69,1518.5,458
TS0.40_SS0.25_VE1.25_HA0.40_MR3.0,0.4,0.25,1.25,0.4,3.0,1.7,1.84,52.5,22.11,1471.2,446
TS0.40_SS0.25_VE1.25_HA0.45_MR2.0,0.4,0.25,1.25,0.45,2.0,1.61,1.73,51.4,26.24,1388.58,463
TS0.40_SS0.25_VE1.25_HA0.45_MR2.5,0.4,0.25,1.25,0.45,2.5,1.68,1.83,52.6,22.69,1518.5,458
TS0.40_SS0.25_VE1.25_HA0.45_MR3.0,0.4,0.25,1.25,0.45,3.0,1.7,1.84,52.5,22.11,1471.2,446
TS0.40_SS0.25_VE1.25_HA0.50_MR2.0,0.4,0.25,1.25,0.5,2.0,1.61,1.73,51.4,26.24,1388.58,463
TS0.40_SS0.25_VE1.25_HA0.50_MR2.5,0.4,0.25,1.25,0.5,2.5,1.68,1.83,52.6,22.69,1518.5,458
TS0.40_SS0.25_VE1.25_HA0.50_MR3.0,0.4,0.25,1.25,0.5,3.0,1.7,1.84,52.5,22.11,1471.2,446
TS0.40_SS0.30_VE1.15_HA0.40_MR2.0,0.4,0.3,1.15,0.4,2.0,1.58,1.64,51.2,30.18,1378.42,475
TS0.40_SS0.30_VE1.15_HA0.40_MR2.5,0.4,0.3,1.15,0.4,2.5,1.65,1.72,52.2,30.18,1495.01,467
TS0.40_SS0.30_VE1.15_HA0.40_MR3.0,0.4,0.3,1.15,0.4,3.0,1.71,1.9,52.8,22.54,1500.04,449
TS0.40_SS0.30_VE1.15_HA0.45_MR2.0,0.4,0.3,1.15,0.45,2.0,1.58,1.64,51.2,30.18,1378.42,475
TS0.40_SS0.30_VE1.15_HA0.45_MR2.5,0.4,0.3,1.15,0.45,2.5,1.65,1.72,52.2,30.18,1495.01,467
TS0.40_SS0.30_VE1.15_HA0.45_MR3.0,0.4,0.3,1.15,0.45,3.0,1.71,1.9,52.8,22.54,1500.04,449
TS0.40_SS0.30_VE1.15_HA0.50_MR2.0,0.4,0.3,1.15,0.5,2.0,1.58,1.64,51.2,30.18,1378.42,475
TS0.40_SS0.30_VE1.15_HA0.50_MR2.5,0.4,0.3,1.15,0.5,2.5,1.65,1.72,52.2,30.18,1495.01,467
TS0.40_SS0.30_VE1.15_HA0.50_MR3.0,0.4,0.3,1.15,0.5,3.0,1.71,1.9,52.8,22.54,1500.04,449
TS0.40_SS0.30_VE1.20_HA0.40_MR2.0,0.4,0.3,1.2,0.4,2.0,1.58,1.64,51.2,30.18,1378.42,475
TS0.40_SS0.30_VE1.20_HA0.40_MR2.5,0.4,0.3,1.2,0.4,2.5,1.65,1.72,52.2,30.18,1495.01,467
TS0.40_SS0.30_VE1.20_HA0.40_MR3.0,0.4,0.3,1.2,0.4,3.0,1.71,1.9,52.8,22.54,1500.04,449
TS0.40_SS0.30_VE1.20_HA0.45_MR2.0,0.4,0.3,1.2,0.45,2.0,1.58,1.64,51.2,30.18,1378.42,475
TS0.40_SS0.30_VE1.20_HA0.45_MR2.5,0.4,0.3,1.2,0.45,2.5,1.65,1.72,52.2,30.18,1495.01,467
TS0.40_SS0.30_VE1.20_HA0.45_MR3.0,0.4,0.3,1.2,0.45,3.0,1.71,1.9,52.8,22.54,1500.04,449
TS0.40_SS0.30_VE1.20_HA0.50_MR2.0,0.4,0.3,1.2,0.5,2.0,1.58,1.64,51.2,30.18,1378.42,475
TS0.40_SS0.30_VE1.20_HA0.50_MR2.5,0.4,0.3,1.2,0.5,2.5,1.65,1.72,52.2,30.18,1495.01,467
TS0.40_SS0.30_VE1.20_HA0.50_MR3.0,0.4,0.3,1.2,0.5,3.0,1.71,1.9,52.8,22.54,1500.04,449
TS0.40_SS0.30_VE1.25_HA0.40_MR2.0,0.4,0.3,1.25,0.4,2.0,1.58,1.64,51.2,30.18,1378.42,475
TS0.40_SS0.30_VE1.25_HA0.40_MR2.5,0.4,0.3,1.25,0.4,2.5,1.65,1.72,52.2,30.18,1495.01,467
TS0.40_SS0.30_VE1.25_HA0.40_MR3.0,0.4,0.3,1.25,0.4,3.0,1.71,1.9,52.8,22.54,1500.04,449
TS0.40_SS0.30_VE1.25_HA0.45_MR2.0,0.4,0.3,1.25,0.45,2.0,1.58,1.64,51.2,30.18,1378.42,475
TS0.40_SS0.30_VE1.25_HA0.45_MR2.5,0.4,0.3,1.25,0.45,2.5,1.65,1.72,52.2,30.18,1495.01,467
TS0.40_SS0.30_VE1.25_HA0.45_MR3.0,0.4,0.3,1.25,0.45,3.0,1.71,1.9,52.8,22.54,1500.04,449
TS0.40_SS0.30_VE1.25_HA0.50_MR2.0,0.4,0.3,1.25,0.5,2.0,1.58,1.64,51.2,30.18,1378.42,475
TS0.40_SS0.30_VE1.25_HA0.50_MR2.5,0.4,0.3,1.25,0.5,2.5,1.65,1.72,52.2,30.18,1495.01,467
TS0.40_SS0.30_VE1.25_HA0.50_MR3.0,0.4,0.3,1.25,0.5,3.0,1.71,1.9,52.8,22.54,1500.04,449
TS0.40_SS0.35_VE1.15_HA0.40_MR2.0,0.4,0.35,1.15,0.4,2.0,1.52,1.57,51.2,33.61,1277.02,477
TS0.40_SS0.35_VE1.15_HA0.40_MR2.5,0.4,0.35,1.15,0.4,2.5,1.53,1.57,51.9,34.57,1281.63,472
TS0.40_SS0.35_VE1.15_HA0.40_MR3.0,0.4,0.35,1.15,0.4,3.0,1.63,1.81,52.7,22.54,1389.17,455
TS0.40_SS0.35_VE1.15_HA0.45_MR2.0,0.4,0.35,1.15,0.45,2.0,1.52,1.57,51.2,33.61,1277.02,477
TS0.40_SS0.35_VE1.15_HA0.45_MR2.5,0.4,0.35,1.15,0.45,2.5,1.53,1.57,51.9,34.57,1281.63,472
TS0.40_SS0.35_VE1.15_HA0.45_MR3.0,0.4,0.35,1.15,0.45,3.0,1.63,1.81,52.7,22.54,1389.17,455
TS0.40_SS0.35_VE1.15_HA0.50_MR2.0,0.4,0.35,1.15,0.5,2.0,1.52,1.57,51.2,33.61,1277.02,477
TS0.40_SS0.35_VE1.15_HA0.50_MR2.5,0.4,0.35,1.15,0.5,2.5,1.53,1.57,51.9,34.57,1281.63,472
TS0.40_SS0.35_VE1.15_HA0.50_MR3.0,0.4,0.35,1.15,0.5,3.0,1.63,1.81,52.7,22.54,1389.17,455
TS0.40_SS0.35_VE1.20_HA0.40_MR2.0,0.4,0.35,1.2,0.4,2.0,1.52,1.57,51.2,33.61,1277.02,477
TS0.40_SS0.35_VE1.20_HA0.40_MR2.5,0.4,0.35,1.2,0.4,2.5,1.53,1.57,51.9,34.57,1281.63,472
TS0.40_SS0.35_VE1.20_HA0.40_MR3.0,0.4,0.35,1.2,0.4,3.0,1.63,1.81,52.7,22.54,1389.17,455
TS0.40_SS0.35_VE1.20_HA0.45_MR2.0,0.4,0.35,1.2,0.45,2.0,1.52,1.57,51.2,33.61,1277.02,477
TS0.40_SS0.35_VE1.20_HA0.45_MR2.5,0.4,0.35,1.2,0.45,2.5,1.53,1.57,51.9,34.57,1281.63,472
TS0.40_SS0.35_VE1.20_HA0.45_MR3.0,0.4,0.35,1.2,0.45,3.0,1.63,1.81,52.7,22.54,1389.17,455
TS0.40_SS0.35_VE1.20_HA0.50_MR2.0,0.4,0.35,1.2,0.5,2.0,1.52,1.57,51.2,33.61,1277.02,477
TS0.40_SS0.35_VE1.20_HA0.50_MR2.5,0.4,0.35,1.2,0.5,2.5,1.53,1.57,51.9,34.57,1281.63,472
TS0.40_SS0.35_VE1.20_HA0.50_MR3.0,0.4,0.35,1.2,0.5,3.0,1.63,1.81,52.7,22.54,1389.17,455
TS0.40_SS0.35_VE1.25_HA0.40_MR2.0,0.4,0.35,1.25,0.4,2.0,1.52,1.57,51.2,33.61,1277.02,477
TS0.40_SS0.35_VE1.25_HA0.40_MR2.5,0.4,0.35,1.25,0.4,2.5,1.53,1.57,51.9,34.57,1281.63,472
TS0.40_SS0.35_VE1.25_HA0.40_MR3.0,0.4,0.35,1.25,0.4,3.0,1.63,1.81,52.7,22.54,1389.17,455
TS0.40_SS0.35_VE1.25_HA0.45_MR2.0,0.4,0.35,1.25,0.45,2.0,1.52,1.57,51.2,33.61,1277.02,477
TS0.40_SS0.35_VE1.25_HA0.45_MR2.5,0.4,0.35,1.25,0.45,2.5,1.53,1.57,51.9,34.57,1281.63,472
TS0.40_SS0.35_VE1.25_HA0.45_MR3.0,0.4,0.35,1.25,0.45,3.0,1.63,1.81,52.7,22.54,1389.17,455
TS0.40_SS0.35_VE1.25_HA0.50_MR2.0,0.4,0.35,1.25,0.5,2.0,1.52,1.57,51.2,33.61,1277.02,477
TS0.40_SS0.35_VE1.25_HA0.50_MR2.5,0.4,0.35,1.25,0.5,2.5,1.53,1.57,51.9,34.57,1281.63,472
TS0.40_SS0.35_VE1.25_HA0.50_MR3.0,0.4,0.35,1.25,0.5,3.0,1.63,1.81,52.7,22.54,1389.17,455
TS0.45_SS0.25_VE1.15_HA0.40_MR2.0,0.45,0.25,1.15,0.4,2.0,1.58,1.71,51.3,25.36,1307.57,460
TS0.45_SS0.25_VE1.15_HA0.40_MR2.5,0.45,0.25,1.15,0.4,2.5,1.65,1.82,52.5,22.11,1437.49,455
TS0.45_SS0.25_VE1.15_HA0.40_MR3.0,0.45,0.25,1.15,0.4,3.0,1.69,1.82,52.6,22.11,1466.18,447
TS0.45_SS0.25_VE1.15_HA0.45_MR2.0,0.45,0.25,1.15,0.45,2.0,1.58,1.71,51.3,25.36,1307.57,460
TS0.45_SS0.25_VE1.15_HA0.45_MR2.5,0.45,0.25,1.15,0.45,2.5,1.65,1.82,52.5,22.11,1437.49,455
TS0.45_SS0.25_VE1.15_HA0.45_MR3.0,0.45,0.25,1.15,0.45,3.0,1.69,1.82,52.6,22.11,1466.18,447
TS0.45_SS0.25_VE1.15_HA0.50_MR2.0,0.45,0.25,1.15,0.5,2.0,1.58,1.71,51.3,25.36,1307.57,460
TS0.45_SS0.25_VE1.15_HA0.50_MR2.5,0.45,0.25,1.15,0.5,2.5,1.65,1.82,52.5,22.11,1437.49,455
TS0.45_SS0.25_VE1.15_HA0.50_MR3.0,0.45,0.25,1.15,0.5,3.0,1.69,1.82,52.6,22.11,1466.18,447
TS0.45_SS0.25_VE1.20_HA0.40_MR2.0,0.45,0.25,1.2,0.4,2.0,1.58,1.71,51.3,25.36,1307.57,460
TS0.45_SS0.25_VE1.20_HA0.40_MR2.5,0.45,0.25,1.2,0.4,2.5,1.65,1.82,52.5,22.11,1437.49,455
TS0.45_SS0.25_VE1.20_HA0.40_MR3.0,0.45,0.25,1.2,0.4,3.0,1.69,1.82,52.6,22.11,1466.18,447
TS0.45_SS0.25_VE1.20_HA0.45_MR2.0,0.45,0.25,1.2,0.45,2.0,1.58,1.71,51.3,25.36,1307.57,460
TS0.45_SS0.25_VE1.20_HA0.45_MR2.5,0.45,0.25,1.2,0.45,2.5,1.65,1.82,52.5,22.11,1437.49,455
TS0.45_SS0.25_VE1.20_HA0.45_MR3.0,0.45,0.25,1.2,0.45,3.0,1.69,1.82,52.6,22.11,1466.18,447
TS0.45_SS0.25_VE1.20_HA0.50_MR2.0,0.45,0.25,1.2,0.5,2.0,1.58,1.71,51.3,25.36,1307.57,460
TS0.45_SS0.25_VE1.20_HA0.50_MR2.5,0.45,0.25,1.2,0.5,2.5,1.65,1.82,52.5,22.11,1437.49,455
TS0.45_SS0.25_VE1.20_HA0.50_MR3.0,0.45,0.25,1.2,0.5,3.0,1.69,1.82,52.6,22.11,1466.18,447
TS0.45_SS0.25_VE1.25_HA0.40_MR2.0,0.45,0.25,1.25,0.4,2.0,1.58,1.71,51.3,25.36,1307.57,460
TS0.45_SS0.25_VE1.25_HA0.40_MR2.5,0.45,0.25,1.25,0.4,2.5,1.65,1.82,52.5,22.11,1437.49,455
TS0.45_SS0.25_VE1.25_HA0.40_MR3.0,0.45,0.25,1.25,0.4,3.0,1.69,1.82,52.6,22.11,1466.18,447
TS0.45_SS0.25_VE1.25_HA0.45_MR2.0,0.45,0.25,1.25,0.45,2.0,1.58,1.71,51.3,25.36,1307.57,460
TS0.45_SS0.25_VE1.25_HA0.45_MR2.5,0.45,0.25,1.25,0.45,2.5,1.65,1.82,52.5,22.11,1437.49,455
TS0.45_SS0.25_VE1.25_HA0.45_MR3.0,0.45,0.25,1.25,0.45,3.0,1.69,1.82,52.6,22.11,1466.18,447
TS0.45_SS0.25_VE1.25_HA0.50_MR2.0,0.45,0.25,1.25,0.5,2.0,1.58,1.71,51.3,25.36,1307.57,460
TS0.45_SS0.25_VE1.25_HA0.50_MR2.5,0.45,0.25,1.25,0.5,2.5,1.65,1.82,52.5,22.11,1437.49,455
TS0.45_SS0.25_VE1.25_HA0.50_MR3.0,0.45,0.25,1.25,0.5,3.0,1.69,1.82,52.6,22.11,1466.18,447
TS0.45_SS0.30_VE1.15_HA0.40_MR2.0,0.45,0.3,1.15,0.4,2.0,1.6,1.64,51.1,30.18,1350.57,470
TS0.45_SS0.30_VE1.15_HA0.40_MR2.5,0.45,0.3,1.15,0.4,2.5,1.65,1.72,52.2,30.18,1440.89,464
TS0.45_SS0.30_VE1.15_HA0.40_MR3.0,0.45,0.3,1.15,0.4,3.0,1.71,1.87,52.9,22.54,1495.02,450
TS0.45_SS0.30_VE1.15_HA0.45_MR2.0,0.45,0.3,1.15,0.45,2.0,1.6,1.64,51.1,30.18,1350.57,470
TS0.45_SS0.30_VE1.15_HA0.45_MR2.5,0.45,0.3,1.15,0.45,2.5,1.65,1.72,52.2,30.18,1440.89,464
TS0.45_SS0.30_VE1.15_HA0.45_MR3.0,0.45,0.3,1.15,0.45,3.0,1.71,1.87,52.9,22.54,1495.02,450
TS0.45_SS0.30_VE1.15_HA0.50_MR2.0,0.45,0.3,1.15,0.5,2.0,1.6,1.64,51.1,30.18,1350.57,470
TS0.45_SS0.30_VE1.15_HA0.50_MR2.5,0.45,0.3,1.15,0.5,2.5,1.65,1.72,52.2,30.18,1440.89,464
TS0.45_SS0.30_VE1.15_HA0.50_MR3.0,0.45,0.3,1.15,0.5,3.0,1.71,1.87,52.9,22.54,1495.02,450
TS0.45_SS0.30_VE1.20_HA0.40_MR2.0,0.45,0.3,1.2,0.4,2.0,1.6,1.64,51.1,30.18,1350.57,470
TS0.45_SS0.30_VE1.20_HA0.40_MR2.5,0.45,0.3,1.2,0.4,2.5,1.65,1.72,52.2,30.18,1440.89,464
TS0.45_SS0.30_VE1.20_HA0.40_MR3.0,0.45,0.3,1.2,0.4,3.0,1.71,1.87,52.9,22.54,1495.02,450
TS0.45_SS0.30_VE1.20_HA0.45_MR2.0,0.45,0.3,1.2,0.45,2.0,1.6,1.64,51.1,30.18,1350.57,470
TS0.45_SS0.30_VE1.20_HA0.45_MR2.5,0.45,0.3,1.2,0.45,2.5,1.65,1.72,52.2,30.18,1440.89,464
TS0.45_SS0.30_VE1.20_HA0.45_MR3.0,0.45,0.3,1.2,0.45,3.0,1.71,1.87,52.9,22.54,1495.02,450
TS0.45_SS0.30_VE1.20_HA0.50_MR2.0,0.45,0.3,1.2,0.5,2.0,1.6,1.64,51.1,30.18,1350.57,470
TS0.45_SS0.30_VE1.20_HA0.50_MR2.5,0.45,0.3,1.2,0.5,2.5,1.65,1.72,52.2,30.18,1440.89,464
TS0.45_SS0.30_VE1.20_HA0.50_MR3.0,0.45,0.3,1.2,0.5,3.0,1.71,1.87,52.9,22.54,1495.02,450
TS0.45_SS0.30_VE1.25_HA0.40_MR2.0,0.45,0.3,1.25,0.4,2.0,1.6,1.64,51.1,30.18,1350.57,470
TS0.45_SS0.30_VE1.25_HA0.40_MR2.5,0.45,0.3,1.25,0.4,2.5,1.65,1.72,52.2,30.18,1440.89,464
TS0.45_SS0.30_VE1.25_HA0.40_MR3.0,0.45,0.3,1.25,0.4,3.0,1.71,1.87,52.9,22.54,1495.02,450
TS0.45_SS0.30_VE1.25_HA0.45_MR2.0,0.45,0.3,1.25,0.45,2.0,1.6,1.64,51.1,30.18,1350.57,470
TS0.45_SS0.30_VE1.25_HA0.45_MR2.5,0.45,0.3,1.25,0.45,2.5,1.65,1.72,52.2,30.18,1440.89,464
TS0.45_SS0.30_VE1.25_HA0.45_MR3.0,0.45,0.3,1.25,0.45,3.0,1.71,1.87,52.9,22.54,1495.02,450
TS0.45_SS0.30_VE1.25_HA0.50_MR2.0,0.45,0.3,1.25,0.5,2.0,1.6,1.64,51.1,30.18,1350.57,470
TS0.45_SS0.30_VE1.25_HA0.50_MR2.5,0.45,0.3,1.25,0.5,2.5,1.65,1.72,52.2,30.18,1440.89,464
TS0.45_SS0.30_VE1.25_HA0.50_MR3.0,0.45,0.3,1.25,0.5,3.0,1.71,1.87,52.9,22.54,1495.02,450
TS0.45_SS0.35_VE1.15_HA0.40_MR2.0,0.45,0.35,1.15,0.4,2.0,1.52,1.56,51.0,32.41,1232.34,473
TS0.45_SS0.35_VE1.15_HA0.40_MR2.5,0.45,0.35,1.15,0.4,2.5,1.52,1.56,51.7,33.3,1210.68,470
TS0.45_SS0.35_VE1.15_HA0.40_MR3.0,0.45,0.35,1.15,0.4,3.0,1.63,1.79,52.9,22.54,1384.14,456
TS0.45_SS0.35_VE1.15_HA0.45_MR2.0,0.45,0.35,1.15,0.45,2.0,1.52,1.56,51.0,32.41,1232.34,473
TS0.45_SS0.35_VE1.15_HA0.45_MR2.5,0.45,0.35,1.15,0.45,2.5,1.52,1.56,51.7,33.3,1210.68,470
TS0.45_SS0.35_VE1.15_HA0.45_MR3.0,0.45,0.35,1.15,0.45,3.0,1.63,1.79,52.9,22.54,1384.14,456
TS0.45_SS0.35_VE1.15_HA0.50_MR2.0,0.45,0.35,1.15,0.5,2.0,1.52,1.56,51.0,32.41,1232.34,473
TS0.45_SS0.35_VE1.15_HA0.50_MR2.5,0.45,0.35,1.15,0.5,2.5,1.52,1.56,51.7,33.3,1210.68,470
TS0.45_SS0.35_VE1.15_HA0.50_MR3.0,0.45,0.35,1.15,0.5,3.0,1.63,1.79,52.9,22.54,1384.14,456
TS0.45_SS0.35_VE1.20_HA0.40_MR2.0,0.45,0.35,1.2,0.4,2.0,1.52,1.56,51.0,32.41,1232.34,473
TS0.45_SS0.35_VE1.20_HA0.40_MR2.5,0.45,0.35,1.2,0.4,2.5,1.52,1.56,51.7,33.3,1210.68,470
TS0.45_SS0.35_VE1.20_HA0.40_MR3.0,0.45,0.35,1.2,0.4,3.0,1.63,1.79,52.9,22.54,1384.14,456
TS0.45_SS0.35_VE1.20_HA0.45_MR2.0,0.45,0.35,1.2,0.45,2.0,1.52,1.56,51.0,32.41,1232.34,473
TS0.45_SS0.35_VE1.20_HA0.45_MR2.5,0.45,0.35,1.2,0.45,2.5,1.52,1.56,51.7,33.3,1210.68,470
TS0.45_SS0.35_VE1.20_HA0.45_MR3.0,0.45,0.35,1.2,0.45,3.0,1.63,1.79,52.9,22.54,1384.14,456
TS0.45_SS0.35_VE1.20_HA0.50_MR2.0,0.45,0.35,1.2,0.5,2.0,1.52,1.56,51.0,32.41,1232.34,473
TS0.45_SS0.35_VE1.20_HA0.50_MR2.5,0.45,0.35,1.2,0.5,2.5,1.52,1.56,51.7,33.3,1210.68,470
TS0.45_SS0.35_VE1.20_HA0.50_MR3.0,0.45,0.35,1.2,0.5,3.0,1.63,1.79,52.9,22.54,1384.14,456
TS0.45_SS0.35_VE1.25_HA0.40_MR2.0,0.45,0.35,1.25,0.4,2.0,1.52,1.56,51.0,32.41,1232.34,473
TS0.45_SS0.35_VE1.25_HA0.40_MR2.5,0.45,0.35,1.25,0.4,2.5,1.52,1.56,51.7,33.3,1210.68,470
TS0.45_SS0.35_VE1.25_HA0.40_MR3.0,0.45,0.35,1.25,0.4,3.0,1.63,1.79,52.9,22.54,1384.14,456
TS0.45_SS0.35_VE1.25_HA0.45_MR2.0,0.45,0.35,1.25,0.45,2.0,1.52,1.56,51.0,32.41,1232.34,473
TS0.45_SS0.35_VE1.25_HA0.45_MR2.5,0.45,0.35,1.25,0.45,2.5,1.52,1.56,51.7,33.3,1210.68,470
TS0.45_SS0.35_VE1.25_HA0.45_MR3.0,0.45,0.35,1.25,0.45,3.0,1.63,1.79,52.9,22.54,1384.14,456
TS0.45_SS0.35_VE1.25_HA0.50_MR2.0,0.45,0.35,1.25,0.5,2.0,1.52,1.56,51.0,32.41,1232.34,473
TS0.45_SS0.35_VE1.25_HA0.50_MR2.5,0.45,0.35,1.25,0.5,2.5,1.52,1.56,51.7,33.3,1210.68,470
TS0.45_SS0.35_VE1.25_HA0.50_MR3.0,0.45,0.35,1.25,0.5,3.0,1.63,1.79,52.9,22.54,1384.14,456
