entry_month,trades,wins,losses,win_rate,net_pnl,avg_profit,avg_loss,profit_factor,avg_hold_min,avg_trade_pnl
2025-12,20,12,8,60.0,31578.22,2718.21,130.03,31.36,679.5,1578.91
2025-10,15,13,2,86.7,29235.09,2264.52,101.81,144.58,561.0,1949.01
2025-07,17,11,6,64.7,18936.83,1778.74,104.88,31.09,917.6,1113.93
2022-01,13,9,4,69.2,17708.87,2008.66,92.26,48.99,745.4,1362.22
2023-05,12,11,1,91.7,16941.55,1549.19,99.54,171.2,582.5,1411.8
2024-07,18,11,7,61.1,16866.13,1807.44,430.81,6.59,533.3,937.01
2024-06,9,7,2,77.8,16372.34,2369.77,108.02,76.78,333.3,1819.15
2025-06,12,8,4,66.7,15405.25,2025.51,199.72,20.28,820.0,1283.77
2020-09,10,9,1,90.0,14681.38,1641.18,89.22,165.55,1465.5,1468.14
2022-04,11,7,4,63.6,14654.33,2157.82,112.59,33.54,1129.1,1332.21
2024-10,17,7,10,41.2,14029.73,2187.31,128.15,11.95,712.1,825.28
2024-03,11,6,5,54.5,13857.51,2398.51,106.72,26.97,728.2,1259.77
2016-11,9,8,1,88.9,13773.01,1732.17,84.38,164.23,740.0,1530.33
2025-11,8,6,2,75.0,13771.05,2598.38,909.63,8.57,354.4,1721.38
2022-03,6,4,2,66.7,13720.88,3638.41,416.38,17.48,1087.5,2286.81
2024-04,10,6,4,60.0,13587.08,2334.14,104.45,33.52,832.5,1358.71
2024-02,8,6,2,75.0,13540.63,2309.91,159.41,43.47,703.1,1692.58
2022-12,9,7,2,77.8,13469.86,1975.34,178.76,38.68,313.3,1496.65
2022-11,13,9,4,69.2,13240.6,1528.44,128.85,26.69,463.8,1018.51
2015-06,19,10,9,52.6,13147.4,1440.3,139.52,11.47,506.1,691.97
2021-10,9,5,4,55.6,13015.48,2693.82,113.4,29.69,421.7,1446.16
2025-03,7,5,2,71.4,12938.58,2671.48,209.4,31.89,936.4,1848.37
2023-09,9,9,0,100.0,11861.0,1317.89,0.0,inf,203.3,1317.89
2024-05,12,6,6,50.0,11273.83,1970.81,91.84,21.46,1582.5,939.49
2022-05,9,4,5,44.4,11086.44,2911.27,111.73,20.85,905.0,1231.83
2017-10,14,9,5,64.3,10621.29,1256.41,137.29,16.47,938.6,758.66
2024-09,14,8,6,57.1,10547.05,1418.2,133.09,14.21,672.9,753.36
2021-09,4,4,0,100.0,10407.5,2601.88,0.0,inf,1560.0,2601.88
2022-07,7,5,2,71.4,10394.66,2172.12,232.97,23.31,925.7,1484.95
2020-11,5,5,0,100.0,10347.95,2069.59,0.0,inf,1947.0,2069.59
2025-05,9,5,4,55.6,10099.86,2107.88,109.89,23.98,750.0,1122.21
2021-05,5,3,2,60.0,10093.6,3426.24,92.56,55.53,693.0,2018.72
2019-03,13,10,3,76.9,10042.97,1030.2,86.33,39.78,856.2,772.54
2021-12,6,4,2,66.7,10000.79,2886.99,773.58,7.46,1370.0,1666.8
2023-01,12,6,6,50.0,9990.91,1768.53,103.38,17.11,667.5,832.58
2020-12,10,6,4,60.0,9919.57,1716.64,95.07,27.08,688.5,991.96
2020-07,9,6,3,66.7,9777.14,1681.4,103.76,32.41,630.0,1086.35
2020-02,8,5,3,62.5,9748.45,2009.95,100.43,33.36,811.9,1218.56
2021-01,5,5,0,100.0,9669.55,1933.91,0.0,inf,306.0,1933.91
2016-05,11,8,3,72.7,9668.87,1239.73,82.98,39.84,991.4,878.99
2016-12,13,9,4,69.2,9563.22,1090.69,63.26,38.79,1449.2,735.63
2018-11,9,6,3,66.7,9458.47,1610.86,68.9,46.76,981.7,1050.94
2021-08,7,6,1,85.7,9213.28,1554.35,112.8,82.68,1515.0,1316.18
2024-11,4,4,0,100.0,9180.33,2295.08,0.0,inf,82.5,2295.08
2015-10,13,10,3,76.9,9080.06,935.7,92.3,33.79,853.8,698.47
2020-05,9,6,3,66.7,8864.24,1835.25,715.76,5.13,658.3,984.92
2018-12,8,4,4,50.0,8849.51,2301.73,89.35,25.76,834.4,1106.19
2022-08,8,5,3,62.5,8657.66,1792.62,101.82,29.34,1061.2,1082.21
2022-09,5,2,3,40.0,8427.0,4466.67,168.78,17.64,78.0,1685.4
2017-02,12,9,3,75.0,8084.65,930.18,95.66,29.17,576.2,673.72
2021-11,8,3,5,37.5,8004.5,2950.54,169.42,10.45,346.9,1000.56
2018-06,15,8,7,53.3,7880.39,1083.4,112.4,11.02,342.0,525.36
2023-07,9,6,3,66.7,7783.7,1370.07,145.57,18.82,513.3,864.86
2017-11,16,13,3,81.2,7780.77,643.46,194.72,14.32,209.1,486.3
2021-07,9,5,4,55.6,7774.84,1686.23,164.08,12.85,646.7,863.87
2020-06,4,3,1,75.0,7584.66,2605.25,231.08,33.82,1323.8,1896.16
2018-03,8,5,3,62.5,7495.89,1593.42,157.06,16.91,686.2,936.99
2017-12,10,8,2,80.0,7483.08,976.29,163.62,23.87,1078.5,748.31
2019-11,12,6,6,50.0,7423.85,1427.57,190.26,7.5,992.5,618.65
2023-11,10,6,4,60.0,7323.09,1282.6,93.13,20.66,396.0,732.31
2025-04,5,3,2,60.0,7266.33,2486.89,97.17,38.39,837.0,1453.27
2023-02,6,4,2,66.7,7211.32,1852.98,100.3,36.95,1095.0,1201.89
2015-08,8,6,2,75.0,7186.51,1223.5,77.25,47.52,1057.5,898.31
2015-12,13,8,5,61.5,7159.58,949.53,87.34,17.4,331.2,550.74
2018-05,12,8,4,66.7,7078.79,921.81,73.92,24.94,988.8,589.9
2025-08,7,5,2,71.4,7061.16,1496.27,210.09,17.81,957.9,1008.74
2018-01,10,7,3,70.0,6762.65,1084.18,275.53,9.18,501.0,676.26
2018-10,5,4,1,80.0,6759.26,1758.28,273.85,25.68,291.0,1351.85
2015-09,7,5,2,71.4,6726.48,1388.13,107.08,32.41,1088.6,960.93
2018-04,14,9,5,64.3,6682.93,831.32,159.8,9.36,761.8,477.35
2021-02,5,3,2,60.0,6681.55,2281.68,81.75,41.87,1068.0,1336.31
2023-06,14,8,6,57.1,6636.12,948.57,158.74,7.97,577.5,474.01
2017-07,12,8,4,66.7,6611.15,935.43,218.07,8.58,985.0,550.93
2024-08,7,4,3,57.1,6583.26,1806.86,214.72,11.22,66.4,940.47
2019-06,11,6,5,54.5,6523.15,1216.89,155.64,9.38,880.9,593.01
2015-03,6,4,2,66.7,6431.72,1659.8,103.73,32.0,1085.0,1071.95
2019-08,9,5,4,55.6,6413.56,1405.87,153.94,11.42,1663.3,712.62
2018-08,12,8,4,66.7,6382.81,869.56,143.42,12.13,1000.0,531.9
2025-01,4,3,1,75.0,6322.2,2213.04,316.93,20.95,78.8,1580.55
2022-06,4,2,2,50.0,6127.41,3184.72,121.02,26.32,311.2,1531.85
2015-02,6,5,1,83.3,5686.69,1157.29,99.76,58.0,1402.5,947.78
2019-04,14,7,7,50.0,5659.07,1065.43,256.99,4.15,721.1,404.22
2020-04,4,3,1,75.0,5656.09,1926.22,122.58,47.14,693.8,1414.02
2024-01,5,3,2,60.0,5613.78,1945.21,110.92,26.31,84.0,1122.76
2016-04,15,7,8,46.7,5534.59,1242.36,395.24,2.75,598.0,368.97
2018-02,5,4,1,80.0,5533.85,1404.93,85.87,65.44,876.0,1106.77
2015-11,10,6,4,60.0,5334.14,994.83,158.7,9.4,880.5,533.41
2020-08,4,2,2,50.0,5189.09,2701.69,107.15,25.21,603.8,1297.27
2019-10,7,4,3,57.1,5019.56,1404.42,199.38,9.39,1414.3,717.08
2022-02,3,2,1,66.7,4949.54,2532.74,115.94,43.69,2715.0,1649.85
2018-07,12,7,5,58.3,4688.86,731.42,86.22,11.88,913.8,390.74
2016-06,9,7,2,77.8,4662.76,943.99,972.59,3.4,331.7,518.08
2019-07,9,5,4,55.6,4552.38,1004.83,117.94,10.65,780.0,505.82
2016-10,9,4,5,44.4,4410.11,1242.79,112.21,8.86,1560.0,490.01
2017-08,11,5,6,45.5,3951.33,1009.3,182.53,4.61,533.2,359.21
2019-02,7,4,3,57.1,3844.24,1062.71,135.54,10.45,1097.1,549.18
2019-01,13,4,9,30.8,3809.87,1743.99,351.79,2.2,690.0,293.07
2016-03,7,4,3,57.1,3717.39,1082.96,204.82,7.05,942.9,531.06
2015-05,8,5,3,62.5,3569.78,766.59,87.73,14.56,828.8,446.22
2023-12,8,2,6,25.0,3517.39,2040.78,94.03,7.23,836.2,439.67
2017-06,11,5,6,45.5,3503.03,826.41,104.83,6.57,880.9,318.46
2019-09,12,6,6,50.0,3455.8,736.44,160.47,4.59,827.5,287.98
2023-08,8,4,4,50.0,3406.57,1047.72,196.08,5.34,838.1,425.82
2026-01,4,3,1,75.0,3137.29,1078.23,97.4,33.21,716.2,784.32
2019-12,11,6,5,54.5,3048.1,671.17,195.78,4.11,275.5,277.1
2015-04,8,5,3,62.5,2964.44,681.33,147.41,7.7,838.1,370.56
2016-02,8,5,3,62.5,2847.25,624.28,91.39,11.39,221.2,355.91
2017-05,10,7,3,70.0,2766.43,483.36,205.69,5.48,400.5,276.64
2016-01,1,1,0,100.0,2522.12,2522.12,0.0,inf,135.0,2522.12
2020-01,8,3,5,37.5,2450.48,1062.02,147.12,4.33,1329.4,306.31
2022-10,4,3,1,75.0,2376.78,833.07,122.44,20.41,90.0,594.2
2017-01,10,6,4,60.0,2197.27,502.08,203.8,3.7,184.5,219.73
2023-10,5,2,3,40.0,2187.19,1489.55,263.97,3.76,1872.0,437.44
2020-10,5,1,4,20.0,2114.82,2486.95,93.03,6.68,501.0,422.96
2017-03,13,5,8,38.5,2041.0,697.63,180.89,2.41,617.3,157.0
2021-06,3,2,1,66.7,1961.9,1013.47,65.03,31.17,90.0,653.97
2020-03,2,1,1,50.0,1950.0,2058.83,108.83,18.92,622.5,975.0
2016-08,13,6,7,46.2,1637.44,454.42,155.58,2.5,1044.2,125.96
2016-07,5,2,3,40.0,1498.18,986.64,158.37,4.15,2073.0,299.64
2015-01,2,1,1,50.0,1366.53,1432.22,65.69,21.8,1110.0,683.26
2025-02,5,1,4,20.0,1179.91,1704.11,131.05,3.25,1287.0,235.98
2016-09,10,3,7,30.0,1025.62,721.1,162.52,1.9,688.5,102.56
2017-09,7,2,5,28.6,1015.18,784.03,110.58,2.84,634.3,145.03
2023-04,3,1,2,33.3,968.27,1172.36,102.05,5.74,95.0,322.76
2017-04,6,4,2,66.7,555.27,531.11,784.59,1.35,255.0,92.55
2018-09,1,1,0,100.0,512.31,512.31,0.0,inf,105.0,512.31
2021-03,4,2,2,50.0,424.75,851.89,639.52,1.33,86.2,106.19
2019-05,4,3,1,75.0,-142.36,754.25,2405.11,0.94,112.5,-35.59
2023-03,2,0,2,0.0,-211.97,0.0,105.98,0.0,592.5,-105.98
2024-12,3,0,3,0.0,-326.16,0.0,108.72,0.0,1385.0,-108.72
2021-04,4,2,2,50.0,-1694.38,1282.68,2129.87,0.6,63.8,-423.6
2015-07,6,3,3,50.0,-2310.61,733.82,1504.02,0.49,1087.5,-385.1
2025-09,10,4,6,40.0,-5893.93,931.15,1603.09,0.39,973.5,-589.39
