trade_id,symbol,instrument,underlying,direction,quantity,entry_price,exit_price,entry_time,exit_time,exit_reason,gross_pnl,costs,net_pnl,return_pct,holding_duration_seconds,strategy,signal_score,signal_confidence,stop_loss,target
PAPER-20260731042911-3ACE44,SENSEX,SENSEX2680678300CE,SENSEX,LONG,20,305.3,290.3,2026-07-31T09:45:00+05:30,2026-07-31T15:15:00+05:30,square_off,-300.0,1.19,-301.19,-4.93,19800,pro_VP+ST+EMA,0.0,0.38235294117647056,290.3,424.53981671428676
PAPER-20260731042913-08A545,SENSEX,SENSEX2680678300CE,SENSEX,LONG,20,305.3,290.3,2026-07-31T09:45:00+05:30,2026-07-31T15:15:00+05:30,square_off,-300.0,1.19,-301.19,-4.93,19800,pro_VP+ST+EMA,0.0,0.38235294117647056,290.3,424.53981671428676
PAPER-20260731044311-4C6A1C,SENSEX,SENSEX2680678300CE,SENSEX,LONG,20,301.1,286.1,2026-07-31T10:00:00+05:30,2026-07-31T15:15:00+05:30,square_off,-300.0,1.17,-301.17,-5.0,18900,pro_VP+ST+EMA,0.0,0.38235294117647056,286.1,417.49885714285716
PAPER-20260731044315-D7E513,SENSEX,SENSEX2680678300CE,SENSEX,LONG,20,301.1,286.1,2026-07-31T10:00:00+05:30,2026-07-31T15:15:00+05:30,square_off,-300.0,1.17,-301.17,-5.0,18900,pro_VP+ST+EMA,0.0,0.38235294117647056,286.1,417.49885714285716
PAPER-20260731045829-6BC650,SENSEX,SENSEX2680678300CE,SENSEX,LONG,20,302.45,287.45,2026-07-31T10:15:00+05:30,2026-07-31T15:15:00+05:30,square_off,-300.0,1.18,-301.18,-4.98,18000,pro_VP+ST+EMA,0.0,0.38235294117647056,287.45,413.18458571428573
PAPER-20260731045832-41F963,SENSEX,SENSEX2680678300CE,SENSEX,LONG,20,302.45,287.45,2026-07-31T10:15:00+05:30,2026-07-31T15:15:00+05:30,square_off,-300.0,1.18,-301.18,-4.98,18000,pro_VP+ST+EMA,0.0,0.38235294117647056,287.45,413.18458571428573
PAPER-20260731051330-2E1368,SENSEX,SENSEX2680678300CE,SENSEX,LONG,20,299.5,284.5,2026-07-31T10:30:00+05:30,2026-07-31T15:15:00+05:30,square_off,-300.0,1.17,-301.17,-5.03,17100,pro_VP+ST+EMA,0.0,0.38235294117647056,284.5,411.61586657142993
PAPER-20260731051332-41FCA1,SENSEX,SENSEX2680678300CE,SENSEX,LONG,20,299.5,284.5,2026-07-31T10:30:00+05:30,2026-07-31T15:15:00+05:30,square_off,-300.0,1.17,-301.17,-5.03,17100,pro_VP+ST+EMA,0.0,0.38235294117647056,284.5,411.61586657142993
PAPER-20260731052824-77FDF8,SENSEX,SENSEX2680678300CE,SENSEX,LONG,20,302.0,287.0,2026-07-31T10:45:00+05:30,2026-07-31T15:15:00+05:30,square_off,-300.0,1.18,-301.18,-4.99,16200,pro_VP+ST+EMA,0.0,0.38235294117647056,287.0,409.4960720000014
PAPER-20260731052826-F096D7,SENSEX,SENSEX2680678300CE,SENSEX,LONG,20,302.0,287.0,2026-07-31T10:45:00+05:30,2026-07-31T15:15:00+05:30,square_off,-300.0,1.18,-301.18,-4.99,16200,pro_VP+ST+EMA,0.0,0.38235294117647056,287.0,409.4960720000014
PAPER-20260731054311-5383DE,SENSEX,SENSEX2680678300CE,SENSEX,LONG,20,294.0,279.0,2026-07-31T11:00:00+05:30,2026-07-31T15:15:00+05:30,square_off,-300.0,1.15,-301.15,-5.12,15300,pro_VP+ST+EMA,0.0,0.38235294117647056,279.0,400.0671720000012
PAPER-20260731054313-41596A,SENSEX,SENSEX2680678300CE,SENSEX,LONG,20,294.0,279.0,2026-07-31T11:00:00+05:30,2026-07-31T15:15:00+05:30,square_off,-300.0,1.15,-301.15,-5.12,15300,pro_VP+ST+EMA,0.0,0.38235294117647056,279.0,400.0671720000012
PAPER-20260731055858-7BE0A3,SENSEX,SENSEX2680678300CE,SENSEX,LONG,20,321.6,306.6,2026-07-31T11:15:00+05:30,2026-07-31T15:15:00+05:30,square_off,-300.0,1.26,-301.26,-4.68,14400,pro_VP+ST+EMA,0.0,0.38235294117647056,306.6,431.4067071428599
PAPER-20260731055901-69E3B6,SENSEX,SENSEX2680678300CE,SENSEX,LONG,20,321.6,306.6,2026-07-31T11:15:00+05:30,2026-07-31T15:15:00+05:30,square_off,-300.0,1.26,-301.26,-4.68,14400,pro_VP+ST+EMA,0.0,0.38235294117647056,306.6,431.4067071428599
PAPER-20260731061327-FFEEAC,SENSEX,SENSEX2680678300CE,SENSEX,LONG,20,308.25,293.25,2026-07-31T11:30:00+05:30,2026-07-31T15:15:00+05:30,square_off,-300.0,1.2,-301.2,-4.89,13500,pro_VP+ST+EMA,0.0,0.38235294117647056,293.25,410.3708554285738
PAPER-20260731061329-D72A1F,SENSEX,SENSEX2680678300CE,SENSEX,LONG,20,308.25,293.25,2026-07-31T11:30:00+05:30,2026-07-31T15:15:00+05:30,square_off,-300.0,1.2,-301.2,-4.89,13500,pro_VP+ST+EMA,0.0,0.38235294117647056,293.25,410.3708554285738
PAPER-20260731062840-41455F,SENSEX,SENSEX2680678300CE,SENSEX,LONG,20,317.3,302.3,2026-07-31T11:45:00+05:30,2026-07-31T15:15:00+05:30,square_off,-300.0,1.24,-301.24,-4.75,12600,pro_VP+ST+EMA,0.0,0.38235294117647056,302.3,412.7803942857168
PAPER-20260731062842-D41012,SENSEX,SENSEX2680678300CE,SENSEX,LONG,20,317.3,302.3,2026-07-31T11:45:00+05:30,2026-07-31T15:15:00+05:30,square_off,-300.0,1.24,-301.24,-4.75,12600,pro_VP+ST+EMA,0.0,0.38235294117647056,302.3,412.7803942857168
PAPER-20260731084424-3EA24A,SENSEX,SENSEX2680678500CE,SENSEX,LONG,20,305.5,290.5,2026-07-31T14:00:00+05:30,2026-07-31T15:15:00+05:30,square_off,-300.0,1.19,-301.19,-4.93,4500,pro_VP+ST+EMA,0.0,0.38235294117647056,290.5,357.5117199999996
PAPER-20260731084425-E09A52,SENSEX,SENSEX2680678500CE,SENSEX,LONG,20,305.5,290.5,2026-07-31T14:00:00+05:30,2026-07-31T15:15:00+05:30,square_off,-300.0,1.19,-301.19,-4.93,4500,pro_VP+ST+EMA,0.0,0.38235294117647056,290.5,357.5117199999996
PAPER-20260817040259-A77A23,NIFTY BANK,BANKNIFTY26AUG57100PE,BANKNIFTY,SHORT,30,308.0,298.0,2026-08-17T09:30:00+05:30,2026-08-17T15:15:00+05:30,square_off,-300.0,1.82,-301.82,-3.27,20700,pro_FVG+VWAP+ST,0.0,0.47058823529411764,298.0,383.46299999999974
PAPER-20260817040311-0E0254,SENSEX,SENSEX2682077600PE,SENSEX,SHORT,20,274.2,259.2,2026-08-17T09:30:00+05:30,2026-08-17T15:15:00+05:30,square_off,-300.0,1.07,-301.07,-5.49,20700,pro_VP+RSI_Div+VWAP+ST,0.0,0.5882352941176471,259.2,396.37934378571157
PAPER-20260817040630-D4F9B7,NIFTY MIDCAP SELECT,MIDCPNIFTY26AUG15000PE,MIDCPNIFTY,SHORT,120,132.5,130.0,2026-08-17T09:30:00+05:30,2026-08-17T15:15:00+05:30,square_off,-300.0,3.15,-303.15,-1.91,20700,pro_FVG+VWAP+ST+EMA,0.0,0.5882352941176471,130.0,170.16983000000036
PAPER-20260824040225-471D46,SENSEX,SENSEX26AUG77800CE,SENSEX,LONG,20,338.2,323.2,2026-08-24T09:30:00+05:30,2026-08-24T15:15:00+05:30,square_off,-300.0,1.32,-301.32,-4.45,20700,pro_LiqSweep+FVG+VP+RSI_Div+ST,6.75,0.7941176470588235,323.2,427.0938742857163
PAPER-20260825044234-8DC6F4,NIFTY 50,NIFTY25AUG2624150PE,NIFTY,SHORT,65,33.45,26.76,2026-08-25T10:00:00+05:30,2026-08-26T15:15:00+05:30,square_off,-434.85,0.39,-435.24,-20.02,105300,PriceAction_Momentum (Below_VWAP+SuperTrend_Bear(24213.0)+EMA_9x21_Bearish),0.0,0.9,26.76,45.16
PAPER-20260825044709-8C05C6,NIFTY 50,NIFTY25AUG2624150PE,NIFTY,SHORT,65,32.65,26.12,2026-08-25T10:15:00+05:30,2026-08-26T15:15:00+05:30,square_off,-424.45,0.38,-424.83,-20.02,104400,PriceAction_Momentum (Below_VWAP+SuperTrend_Bear(24213.0)+EMA_9x21_Bearish),0.0,0.9,26.12,44.08
PAPER-20260825050207-7D26DF,NIFTY 50,NIFTY25AUG2624150PE,NIFTY,SHORT,65,35.75,28.6,2026-08-25T10:30:00+05:30,2026-08-26T15:15:00+05:30,square_off,-464.75,0.42,-465.17,-20.02,103500,PriceAction_Momentum (Below_VWAP+SuperTrend_Bear(24213.0)+EMA_9x21_Bearish),0.0,0.9,28.6,48.26
PAPER-20260825050904-2B435C,NIFTY 50,NIFTY25AUG2624150PE,NIFTY,SHORT,65,38.4,30.72,2026-08-25T10:30:00+05:30,2026-08-26T15:15:00+05:30,square_off,-499.2,0.45,-499.65,-20.02,103500,PriceAction_Momentum (Below_VWAP+SuperTrend_Bear(24213.0)+EMA_9x21_Bearish),0.0,0.9,30.72,51.84
PAPER-20260825051338-2D0F77,NIFTY 50,NIFTY25AUG2624150PE,NIFTY,SHORT,65,34.25,27.4,2026-08-25T10:30:00+05:30,2026-08-26T15:15:00+05:30,square_off,-445.25,0.4,-445.65,-20.02,103500,PriceAction_Momentum (Below_VWAP+SuperTrend_Bear(24213.0)+EMA_9x21_Bearish),0.0,0.9,27.4,46.24
PAPER-20260825052909-9BE322,NIFTY 50,NIFTY25AUG2624150PE,NIFTY,SHORT,65,28.25,22.6,2026-08-25T10:45:00+05:30,2026-08-26T15:15:00+05:30,square_off,-367.25,0.33,-367.58,-20.02,102600,PriceAction_Momentum (Below_VWAP+SuperTrend_Bear(24213.0)+EMA_9x21_Bearish),0.0,0.9,22.6,38.14
PAPER-20260826050634-45DCB4,NIFTY 50,NIFTY2690124350CE/NIFTY2690124500CE,NIFTY,SHORT,65,25.5,38.25,2026-08-26T10:30:00+05:30,2026-08-26T15:15:00+05:30,square_off,828.75,0.41,828.34,49.98,17100,Hedged_Credit_Spread,3.5,0.75,38.25,7.65
PAPER-20260826051404-AB8D50,NIFTY 50,NIFTY2690124400CE/NIFTY2690124550CE,NIFTY,SHORT,65,61.4,92.1,2026-08-26T10:30:00+05:30,2026-08-26T15:15:00+05:30,square_off,1995.5,1.0,1994.5,49.97,17100,Hedged_Credit_Spread,3.5,0.75,92.1,18.42
PAPER-20260826051642-91037D,NIFTY 50,NIFTY2690124350CE/NIFTY2690124500CE,NIFTY,SHORT,65,69.4,104.1,2026-08-26T10:45:00+05:30,2026-08-26T15:15:00+05:30,square_off,2255.5,1.13,2254.37,49.97,16200,Hedged_Credit_Spread,3.5,0.75,104.1,20.82
PAPER-20260826061041-3FE3A1,NIFTY 50,NIFTY2690124350CE/NIFTY2690124500CE,NIFTY,SHORT,65,68.6,102.9,2026-08-26T11:30:00+05:30,2026-08-26T15:15:00+05:30,square_off,2229.5,1.11,2228.39,49.98,13500,Hedged_Credit_Spread,3.5,0.75,102.9,20.58
PAPER-20260826062512-3D707E,NIFTY 50,NIFTY2690124350CE/NIFTY2690124500CE,NIFTY,SHORT,65,64.95,97.43,2026-08-26T11:45:00+05:30,2026-08-26T15:15:00+05:30,square_off,2111.2,1.06,2110.14,49.98,12600,Hedged_Credit_Spread,3.5,0.75,97.43,19.49
PAPER-20260826075424-BF2CA5,NIFTY 50,NIFTY01SEP2624250PE,NIFTY,SHORT,65,80.75,68.64,2026-08-26T13:15:00+05:30,2026-08-26T15:15:00+05:30,square_off,-787.15,0.97,-788.12,-15.02,7200,PriceAction_Momentum (ORB_Breakdown_Low(24309.5)+Below_VWAP+SuperTrend_Bear(24197.9)+Consolidation_Breakdown_Down),6.5,0.9,68.64,98.52
PAPER-20260826080905-21FDB4,NIFTY 50,NIFTY01SEP2624250PE,NIFTY,SHORT,65,76.1,64.68,2026-08-26T13:30:00+05:30,2026-08-26T15:15:00+05:30,square_off,-742.3,0.92,-743.22,-15.03,6300,PriceAction_Momentum (ORB_Breakdown_Low(24309.5)+Below_VWAP+SuperTrend_Bear(24197.9)),5.0,0.9,64.68,92.84
PAPER-20260825051448-A21343,NIFTY MIDCAP SELECT,MIDCPNIFTY25AUG2614875PE,MIDCPNIFTY,SHORT,120,27.15,21.72,2026-08-25T10:30:00+05:30,2026-08-26T15:15:00+05:30,square_off,-651.6,0.59,-652.19,-20.02,103500,PriceAction_Momentum (Below_VWAP+SuperTrend_Bear(14879.8)+EMA_9x21_Bearish),0.0,0.9,21.72,36.65
PAPER-20260825052427-120AFF,NIFTY MIDCAP SELECT,MIDCPNIFTY25AUG2614875PE,MIDCPNIFTY,SHORT,120,27.55,22.04,2026-08-25T10:45:00+05:30,2026-08-26T15:15:00+05:30,square_off,-661.2,0.6,-661.8,-20.02,102600,PriceAction_Momentum (Below_VWAP+SuperTrend_Bear(14879.8)+EMA_9x21_Bearish),0.0,0.9,22.04,37.19
PAPER-20260826050721-2F670A,SENSEX,SENSEX26AUG77700PE/SENSEX26AUG77400PE,SENSEX,SHORT,20,51.0,76.5,2026-08-26T10:30:00+05:30,2026-08-26T15:15:00+05:30,square_off,510.0,0.26,509.75,49.98,17100,Hedged_Credit_Spread,3.5,0.75,76.5,15.3
PAPER-20260826051416-1EBA4B,SENSEX,SENSEX26AUG77700PE/SENSEX26AUG77400PE,SENSEX,SHORT,20,59.15,88.72,2026-08-26T10:30:00+05:30,2026-08-26T15:15:00+05:30,square_off,591.4,0.3,591.1,49.97,17100,Hedged_Credit_Spread,3.5,0.75,88.72,17.75
PAPER-20260826051720-FB4792,SENSEX,SENSEX26AUG77700PE/SENSEX26AUG77400PE,SENSEX,SHORT,20,68.3,102.45,2026-08-26T10:45:00+05:30,2026-08-26T15:15:00+05:30,square_off,683.0,0.34,682.66,49.98,16200,Hedged_Credit_Spread,3.5,0.75,102.45,20.49
PAPER-20260826055342-B5BEA0,SENSEX,SENSEX26AUG77700CE,SENSEX,LONG,20,270.3,229.75,2026-08-26T11:15:00+05:30,2026-08-26T15:15:00+05:30,square_off,-811.0,1.0,-812.0,-15.02,14400,PriceAction_Momentum (Above_VWAP+SuperTrend_Bull(77583.2)+EMA_9x21_Bullish),4.0,0.9,229.75,329.77
PAPER-20260826053825-38A926,NIFTY BANK,BANKNIFTY29SEP2657900CE,BANKNIFTY,LONG,30,924.2,785.57,2026-08-26T11:00:00+05:30,2026-08-26T15:15:00+05:30,square_off,-4158.9,5.13,-4164.03,-15.02,15300,PriceAction_Momentum (Above_VWAP+SuperTrend_Bull(57577.0)+EMA_9x21_Bullish),4.0,0.9,785.57,1127.52
PAPER-20260827043334-FEB6D7,NIFTY 50,NIFTY01SEP2624200PE,NIFTY,SHORT,65,86.1,73.18,2026-08-27T10:00:00+05:30,2026-08-27T15:15:00+05:30,square_off,-839.8,1.04,-840.84,-15.02,18900,PriceAction_Momentum (ORB_Breakdown_Low(24188.6)+Below_VWAP+SuperTrend_Bear(24197.9)+EMA_9x21_Bearish),6.0,0.9,73.18,105.04
PAPER-20260827045710-95F9E7,NIFTY 50,NIFTY01SEP2624200PE,NIFTY,SHORT,65,87.55,74.42,2026-08-27T10:15:00+05:30,2026-08-27T15:15:00+05:30,square_off,-853.45,1.05,-854.5,-15.02,18000,PriceAction_Momentum (ORB_Breakdown_Low(24188.6)+Below_VWAP+SuperTrend_Bear(24197.9)+EMA_9x21_Bearish),6.0,0.9,74.42,106.81
PAPER-20260827050836-EBA4C3,NIFTY 50,NIFTY01SEP2624200PE,NIFTY,SHORT,65,86.0,73.1,2026-08-27T10:30:00+05:30,2026-08-27T15:15:00+05:30,square_off,-838.5,1.03,-839.53,-15.02,17100,PriceAction_Momentum (ORB_Breakdown_Low(24188.6)+Below_VWAP+SuperTrend_Bear(24197.9)+EMA_9x21_Bearish),6.0,0.9,73.1,104.92
PAPER-20260827051121-4D0422,NIFTY 50,NIFTY01SEP2624200PE,NIFTY,SHORT,65,85.35,72.55,2026-08-27T10:30:00+05:30,2026-08-27T15:15:00+05:30,square_off,-832.0,1.03,-833.03,-15.02,17100,PriceAction_Momentum (ORB_Breakdown_Low(24188.6)+Below_VWAP+SuperTrend_Bear(24197.9)+EMA_9x21_Bearish),6.0,0.9,72.55,104.13
PAPER-20260827052504-1D6885,NIFTY 50,NIFTY01SEP2624150PE,NIFTY,SHORT,65,75.45,64.13,2026-08-27T10:45:00+05:30,2026-08-27T15:15:00+05:30,square_off,-735.8,0.91,-736.71,-15.02,16200,PriceAction_Momentum (ORB_Breakdown_Low(24188.6)+Below_VWAP+SuperTrend_Bear(24197.9)+EMA_9x21_Bearish),6.0,0.9,64.13,92.05
PAPER-20260827044729-5A1CF7,SENSEX,SENSEX26AUG77400PE,SENSEX,SHORT,20,117.7,100.05,2026-08-27T10:15:00+05:30,2026-08-27T15:15:00+05:30,square_off,-353.0,0.44,-353.44,-15.01,18000,PriceAction_Momentum (Below_VWAP+SuperTrend_Bear(77371.7)+EMA_9x21_Bearish),4.0,0.9,100.05,143.59
PAPER-20260828043206-D23A8B,NIFTY 50,NIFTY2690124200CE/NIFTY2690124350CE,NIFTY,SHORT,65,63.9,95.85,2026-08-28T10:00:00+05:30,2026-08-28T15:15:00+05:30,square_off,2076.75,1.04,2075.71,49.97,18900,Hedged_Credit_Spread,3.5,0.75,95.85,19.17
PAPER-20260828044614-684054,NIFTY 50,NIFTY2690124200CE/NIFTY2690124350CE,NIFTY,SHORT,65,71.9,107.85,2026-08-28T10:15:00+05:30,2026-08-28T15:15:00+05:30,square_off,2336.75,1.17,2335.58,49.97,18000,Hedged_Credit_Spread,3.5,0.75,107.85,21.57
PAPER-20260828080105-AE4368,NIFTY 50,NIFTY01SEP2624100PE,NIFTY,SHORT,65,68.5,58.23,2026-08-28T13:30:00+05:30,2026-08-28T15:15:00+05:30,square_off,-667.55,0.82,-668.37,-15.01,6300,PriceAction_Momentum (ORB_Breakdown_Low(24106.5)+Below_VWAP+SuperTrend_Bear(24161.9)+EMA_9x21_Bearish),6.0,0.9,58.23,83.57
PAPER-20260828081916-58C16D,NIFTY 50,NIFTY01SEP2624100PE,NIFTY,SHORT,65,64.25,54.61,2026-08-28T13:45:00+05:30,2026-08-28T15:15:00+05:30,square_off,-626.6,0.77,-627.37,-15.02,5400,PriceAction_Momentum (ORB_Breakdown_Low(24106.5)+Below_VWAP+SuperTrend_Bear(24168.6)+EMA_9x21_Bearish),6.0,0.9,54.61,78.39
PAPER-20260828082251-AA4785,NIFTY 50,NIFTY01SEP2624100PE,NIFTY,SHORT,65,64.2,54.57,2026-08-28T13:45:00+05:30,2026-08-28T15:15:00+05:30,square_off,-625.95,0.77,-626.72,-15.02,5400,PriceAction_Momentum (ORB_Breakdown_Low(24106.5)+Below_VWAP+SuperTrend_Bear(24168.6)+EMA_9x21_Bearish),6.0,0.9,54.57,78.32
PAPER-20260828082553-0F84F0,NIFTY 50,NIFTY01SEP2624100PE,NIFTY,SHORT,65,65.4,55.59,2026-08-28T13:45:00+05:30,2026-08-28T15:15:00+05:30,square_off,-637.65,0.79,-638.44,-15.02,5400,PriceAction_Momentum (ORB_Breakdown_Low(24106.5)+Below_VWAP+SuperTrend_Bear(24168.6)+EMA_9x21_Bearish),6.0,0.9,55.59,79.79
PAPER-20260831045217-488B02,SENSEX,SENSEX26SEP76800PE,SENSEX,SHORT,20,575.7,489.35,2026-08-31T10:15:00+05:30,2026-08-31T15:15:00+05:30,square_off,-1727.0,2.13,-1729.13,-15.02,18000,PriceAction_Momentum (ORB_Breakdown_Low(76842.3)+Below_VWAP+SuperTrend_Bear(77175.5)+EMA_9x21_Bearish),6.0,0.9,489.35,702.35
PAPER-20260831050659-4F5CE1,SENSEX,SENSEX26SEP76800PE,SENSEX,SHORT,20,565.9,481.01,2026-08-31T10:30:00+05:30,2026-08-31T15:15:00+05:30,square_off,-1697.8,2.09,-1699.89,-15.02,17100,PriceAction_Momentum (ORB_Breakdown_Low(76842.3)+Below_VWAP+SuperTrend_Bear(77193.5)+EMA_9x21_Bearish),6.0,0.9,481.01,690.4
PAPER-20260831052135-477757,NIFTY 50,NIFTY01SEP2624000PE,NIFTY,SHORT,65,53.15,45.18,2026-08-31T10:45:00+05:30,2026-08-31T15:15:00+05:30,square_off,-518.05,0.64,-518.69,-15.01,16200,PriceAction_Momentum (ORB_Breakdown_Low(24013.2)+Below_VWAP+SuperTrend_Bear(24138.7)+EMA_9x21_Bearish),6.0,0.9,45.18,64.84
PAPER-20260831053620-5901FF,NIFTY 50,NIFTY01SEP2624000PE,NIFTY,SHORT,65,52.45,44.58,2026-08-31T11:00:00+05:30,2026-08-31T15:15:00+05:30,square_off,-511.55,0.63,-512.18,-15.02,15300,PriceAction_Momentum (ORB_Breakdown_Low(24013.2)+Below_VWAP+SuperTrend_Bear(24137.7)+EMA_9x21_Bearish),6.0,0.9,44.58,63.99
PAPER-20260901041810-783225,NIFTY 50,NIFTY01SEP2624000PE,NIFTY,SHORT,65,25.75,21.89,2026-09-01T09:45:00+05:30,2026-09-01T15:15:00+05:30,square_off,-250.9,0.31,-251.21,-15.01,19800,Expiry_FastTrigger (5M_Expiry_Surge+VWAP_Breakdown_Down),4.5,0.8,21.89,31.41
PAPER-20260901043211-EEE29A,NIFTY 50,NIFTY2690124050CE/NIFTY2690124200CE,NIFTY,SHORT,65,23.55,35.33,2026-09-01T10:00:00+05:30,2026-09-01T15:15:00+05:30,square_off,765.7,0.38,765.32,50.0,18900,Hedged_Credit_Spread,3.5,0.75,35.33,7.07
PAPER-20260901044954-042027,NIFTY 50,NIFTY2690124100CE/NIFTY2690124250CE,NIFTY,SHORT,65,22.5,33.75,2026-09-01T10:15:00+05:30,2026-09-01T15:15:00+05:30,square_off,731.25,0.37,730.88,49.97,18000,Hedged_Credit_Spread,3.5,0.75,33.75,6.75
PAPER-20260901050250-A333DF,NIFTY 50,NIFTY2690124100CE/NIFTY2690124250CE,NIFTY,SHORT,65,24.05,36.08,2026-09-01T10:30:00+05:30,2026-09-01T15:15:00+05:30,square_off,781.95,0.39,781.56,50.0,17100,Hedged_Credit_Spread,3.5,0.75,36.08,7.22
PAPER-20260901051842-DFD33B,NIFTY BANK,BANKNIFTY26SEP57500CE/BANKNIFTY26SEP57800CE,BANKNIFTY,SHORT,30,162.35,243.52,2026-09-01T10:45:00+05:30,2026-09-01T15:15:00+05:30,square_off,2435.1,1.22,2433.88,49.97,16200,Hedged_Credit_Spread,3.5,0.75,243.52,48.71
PAPER-20260901053318-365014,NIFTY BANK,BANKNIFTY26SEP57600CE/BANKNIFTY26SEP57900CE,BANKNIFTY,SHORT,30,161.2,241.8,2026-09-01T11:00:00+05:30,2026-09-01T15:15:00+05:30,square_off,2418.0,1.21,2416.79,49.98,15300,Hedged_Credit_Spread,3.5,0.75,241.8,48.36
PAPER-20260902063306-C41665,NIFTY 50,NIFTY2690823850CE/NIFTY2690824000CE,NIFTY,SHORT,65,67.25,100.88,2026-09-02T12:00:00+05:30,2026-09-02T15:15:00+05:30,square_off,-2185.95,1.09,-2187.04,-50.03,11700,Hedged_Credit_Spread,3.5,0.75,100.88,20.18
PAPER-20260902064827-8A73DE,NIFTY 50,NIFTY2690823900CE/NIFTY2690824050CE,NIFTY,SHORT,65,63.45,95.18,2026-09-02T12:15:00+05:30,2026-09-02T15:15:00+05:30,square_off,-2062.45,1.03,-2063.48,-50.03,10800,Hedged_Credit_Spread,3.5,0.75,95.18,19.04
PAPER-20260902070339-D44444,NIFTY 50,NIFTY2690823900CE/NIFTY2690824050CE,NIFTY,SHORT,65,66.5,99.75,2026-09-02T12:30:00+05:30,2026-09-02T15:15:00+05:30,square_off,-2161.25,1.08,-2162.33,-50.02,9900,Hedged_Credit_Spread,3.5,0.75,99.75,19.95
PAPER-20260903043258-E1F5CF,SENSEX,SENSEX2690477000CE/SENSEX2690477300CE,SENSEX,SHORT,20,168.3,252.45,2026-09-03T10:00:00+05:30,2026-09-03T15:15:00+05:30,square_off,-1683.0,0.84,-1683.84,-50.02,18900,Hedged_Credit_Spread,3.5,0.75,252.45,50.49
PAPER-20260903044834-D30A90,SENSEX,SENSEX2690477000CE/SENSEX2690477300CE,SENSEX,SHORT,20,149.7,224.55,2026-09-03T10:15:00+05:30,2026-09-03T15:15:00+05:30,square_off,-1497.0,0.75,-1497.75,-50.03,18000,Hedged_Credit_Spread,3.5,0.75,224.55,44.91
PAPER-20260903050143-1D620E,NIFTY BANK,BANKNIFTY26SEP57900CE/BANKNIFTY26SEP58200CE,BANKNIFTY,SHORT,30,149.35,224.02,2026-09-03T10:30:00+05:30,2026-09-03T15:15:00+05:30,square_off,-2240.1,1.12,-2241.22,-50.02,17100,Hedged_Credit_Spread,3.5,0.75,224.02,44.81
PAPER-20260903051736-4C89DB,NIFTY BANK,BANKNIFTY26SEP57400PE/BANKNIFTY26SEP57100PE,BANKNIFTY,SHORT,30,97.6,146.4,2026-09-03T10:45:00+05:30,2026-09-03T15:15:00+05:30,square_off,-1464.0,0.73,-1464.73,-50.03,16200,Hedged_Credit_Spread,3.5,0.75,146.4,29.28
PAPER-20260903053222-634A5C,NIFTY BANK,BANKNIFTY26SEP57400PE/BANKNIFTY26SEP57100PE,BANKNIFTY,SHORT,30,96.9,145.35,2026-09-03T11:00:00+05:30,2026-09-03T15:15:00+05:30,square_off,-1453.5,0.73,-1454.23,-50.02,15300,Hedged_Credit_Spread,3.5,0.75,145.35,29.07
PAPER-20260903054813-295CA0,NIFTY BANK,BANKNIFTY26SEP57400PE/BANKNIFTY26SEP57100PE,BANKNIFTY,SHORT,30,100.8,151.2,2026-09-03T11:15:00+05:30,2026-09-03T15:15:00+05:30,square_off,-1512.0,0.76,-1512.76,-50.02,14400,Hedged_Credit_Spread,3.5,0.75,151.2,30.24
PAPER-20260904043257-E70F62,NIFTY 50,NIFTY2690824000CE/NIFTY2690824150CE,NIFTY,SHORT,65,59.4,0.0,2026-09-04T10:00:00+05:30,2026-09-04T15:15:00+05:30,square_off,3861.0,125.85,3735.15,96.74,18900,Hedged_Credit_Spread,3.5,0.75,89.1,17.82
PAPER-20260904050354-76CDBB,NIFTY 50,NIFTY08SEP2623950CE,NIFTY,LONG,65,130.5,0.0,2026-09-04T10:30:00+05:30,2026-09-04T15:15:00+05:30,square_off,-8482.5,65.96,-8548.46,-100.78,17100,PriceAction_Momentum (ORB_Breakout_High(23955.2)+Above_VWAP+EMA_9x21_Bullish),4.5,0.9,110.92,159.21
PAPER-20260904053221-E8EECF,NIFTY 50,NIFTY08SEP2623950CE,NIFTY,LONG,65,130.4,0.0,2026-09-04T11:00:00+05:30,2026-09-04T15:15:00+05:30,square_off,-8476.0,65.96,-8541.96,-100.78,15300,PriceAction_Momentum (ORB_Breakout_High(23955.2)+Above_VWAP+EMA_9x21_Bullish+Consolidation_Breakout_Up),6.0,0.9,110.84,159.09
PAPER-20260904055330-961B8A,NIFTY 50,NIFTY08SEP2624000CE,NIFTY,LONG,65,100.75,0.0,2026-09-04T11:15:00+05:30,2026-09-04T15:15:00+05:30,square_off,-6548.75,64.37,-6613.12,-100.98,14400,PriceAction_Momentum (ORB_Breakout_High(23955.2)+Above_VWAP+EMA_9x21_Bullish+Consolidation_Breakout_Up),6.0,0.9,85.64,122.91
PAPER-20260904052029-6BE2E6,SENSEX,SENSEX2690476900CE/SENSEX2690477200CE,SENSEX,SHORT,20,147.25,0.0,2026-09-04T10:45:00+05:30,2026-09-04T15:15:00+05:30,square_off,2945.0,123.99,2821.01,95.79,16200,Hedged_Credit_Spread,3.5,0.75,220.88,44.18
PAPER-20260904065322-69DB9F,SENSEX,SENSEX26SEP76700PE,SENSEX,SHORT,20,572.1716,560.0,2026-09-04T12:20:00+05:30,2026-09-04T15:15:00+05:30,square_off,-243.43,91.16,-334.59,-2.92,10500,Expiry_FastTrigger (5M_Expiry_Surge+VWAP_Breakdown_Down+Box_Breakdown_Down),4.5,0.8,485.86,697.35
PAPER-20260907044922-E4EC30,NIFTY 50,NIFTY08SEP2623800PE,NIFTY,SHORT,65,63.413349999999994,56.55,2026-09-07T10:15:00+05:30,2026-09-07T15:15:00+05:30,square_off,-446.12,69.86,-515.98,-12.52,18000,PriceAction_Momentum (ORB_Breakdown_Low(23810.2)+Below_VWAP+SuperTrend_Bear(23886.4)+EMA_9x21_Bearish),6.0,0.9,53.12,76.25
PAPER-20260907083413-78726A,SENSEX,SENSEX26SEP76100PE,SENSEX,SHORT,20,481.28079999999994,498.0,2026-09-07T14:00:00+05:30,2026-09-07T15:15:00+05:30,square_off,334.38,87.15,247.23,2.57,4500,PriceAction_Momentum (ORB_Breakdown_Low(76248.8)+SuperTrend_Bear(76197.7)+EMA_9x21_Bearish),4.5,0.9,408.68,586.58
PAPER-20260908042014-611E3F,SENSEX,SENSEX26SEP75800PE,SENSEX,SHORT,20,511.51099999999997,555.1,2026-09-08T09:45:00+05:30,2026-09-08T15:15:00+05:30,square_off,871.78,89.97,781.81,7.64,19800,PriceAction_Momentum (1H_Trend_Bearish+Below_VWAP+SuperTrend_Bear(76074.3)+EMA_9x21_Bearish),6.0,0.9,434.35,613.2
PAPER-20260908043431-EE789C,NIFTY 50,NIFTY08SEP2623650PE,NIFTY,SHORT,65,33.933899999999994,40.75,2026-09-08T10:00:00+05:30,2026-09-08T15:15:00+05:30,target,443.05,66.2,376.85,17.09,18900,PriceAction_Momentum (1H_Trend_Bearish+Below_VWAP+SuperTrend_Bear(23760.7)+EMA_9x21_Bearish),6.0,0.9,25.59,38.1
PAPER-20260909043203-1882BE,NIFTY 50,NIFTY2691523600CE/NIFTY2691523750CE,NIFTY,SHORT,65,49.32,46.2,2026-09-09T10:00:00+05:30,2026-09-09T15:15:00+05:30,square_off,202.8,126.98,75.82,2.37,18900,Hedged_Credit_Spread,3.5,0.75,76.12,15.23
PAPER-20260910043148-2F6F59,SENSEX,SENSEX2691075000CE/SENSEX2691075300CE,SENSEX,SHORT,20,54.08,15.05,2026-09-10T10:00:00+05:30,2026-09-10T15:15:00+05:30,target,780.6,120.45,660.15,61.03,18900,Hedged_Credit_Spread,3.5,0.75,82.88,16.58
PAPER-20260910044857-A8ED30,NIFTY MIDCAP SELECT,MIDCPNIFTY26SEP14625CE/MIDCPNIFTY26SEP14700CE,MIDCPNIFTY,SHORT,120,33.3,27.4,2026-09-10T10:15:00+05:30,2026-09-10T15:15:00+05:30,square_off,708.0,128.82,579.18,14.49,18000,Hedged_Credit_Spread,3.5,0.75,49.88,9.98
PAPER-20260911041656-4C840E,NIFTY MIDCAP SELECT,MIDCPNIFTY29SEP2614525PE,MIDCPNIFTY,SHORT,120,310.15985,254.08,2026-09-10T10:30:00+05:30,2026-09-10T10:30:00+05:30,stop_loss,-6729.58,151.54,-6881.12,-18.49,0,Golden_Setup (1H+VWAP+ORB),8.0,0.9,254.08,378.02
PAPER-20260916054011-734CC6,NIFTY BANK,BANKNIFTY29SEP2656200CE,BANKNIFTY,LONG,30,763.11235,768.8,2026-09-16T11:00:00+05:30,2026-09-16T11:00:00+05:30,inactivity_kill_switch,170.63,124.68,45.95,0.2,0,Golden_Setup (1H+VWAP+ORB),4.5,0.7,625.45,930.56,0.0
PAPER-20260917044502-85EB9D,SENSEX,SENSEX2691774500CE,SENSEX,LONG,20,220.77055,181.67,2026-09-17T10:00:00+05:30,2026-09-17T10:15:00+05:30,stop_loss,-782.01,70.01,-852.02,-19.3,900,Golden_Setup (1H+VWAP+ORB),4.5,0.7,181.67,270.29,0.0,-68529867.22,74869.26
PAPER-20260917044459-FCBAE4,NIFTY 50,NIFTY22SEP2623300CE,NIFTY,LONG,65,146.4463,120.91,2026-09-17T10:00:00+05:30,2026-09-17T10:30:00+05:30,stop_loss,-1659.86,82.79,-1742.65,-18.31,1800,Golden_Setup (1H+VWAP+ORB),4.5,0.7,120.91,179.89,0.0,-31124241.74,23324.12
PAPER-20260918052522-268108,NIFTY BANK,BANKNIFTY29SEP2656100PE,BANKNIFTY,SHORT,30,415.16474999999997,417.06474999999995,2026-09-18T10:45:00+05:30,2026-09-18T11:15:00+05:30,stop_loss,57.0,94.66,-37.66,-0.3,1800,Golden_Setup (1H+VWAP+ORB),8.0,0.9,417.06474999999995,513.62,0.0,-10977142.01,56696.82
