trade_id,symbol,instrument,underlying,direction,quantity,entry_price,exit_price,entry_time,exit_time,exit_reason,gross_pnl,costs,net_pnl,return_pct,holding_duration_seconds,strategy,signal_score,signal_confidence,stop_loss,target,commitment_ratio,net_gex,zgl,tier,entry_spot,target_gain_pts,recorded_at
PAPER-20260921043359-4EBDCC,NIFTY 50,NIFTY2692223450CE/NIFTY2692223600CE,NIFTY,SHORT,65,32.1,28.85,2026-09-21T10:00:00+05:30,2026-09-21T10:30:00+05:30,inactivity_kill_switch,211.25,123.78,87.47,4.19,1800,Hedged_Credit_Spread,8.5,0.89,48.0,9.6,0.0,-73246132.23,23398.28,C,23386.85,0.0,2026-09-21 05:00:24
PAPER-20260921050439-E47090,NIFTY 50,NIFTY2692223450CE/NIFTY2692223600CE,NIFTY,SHORT,65,26.99,42.7,2026-09-21T10:30:00+05:30,2026-09-21T13:30:00+05:30,stop_loss,-1021.15,123.84,-1144.99,-65.27,10800,Hedged_Credit_Spread,8.5,0.9,42.15,8.43,0.0,94883049.03,23353.17,C,23367.3,0.0,2026-09-21 08:05:31
PAPER-20260921080748-A80685,NIFTY 50,NIFTY2692223500CE/NIFTY2692223650CE,NIFTY,SHORT,65,26.99,29.55,2026-09-21T13:30:00+05:30,2026-09-21T15:15:00+05:30,square_off,-166.4,123.14,-289.54,-16.5,6300,Hedged_Credit_Spread,8.5,0.9,40.72,8.15,0.0,-323655736.86,23478.87,C,23433.3,0.0,2026-09-21 09:45:27
PAPER-20260923043334-D379FD,NIFTY BANK,BANKNIFTY29SEP2656500CE,BANKNIFTY,LONG,30,397.8975,370.85,2026-09-23T10:00:00+05:30,2026-09-23T10:00:00+05:30,stop_loss,-811.42,91.42,-902.84,-7.56,0,Golden_Setup (1H+VWAP+ORB),8.0,0.9,370.85,443.75,0.0,4738156.31,56356.57,B,56483.5,45.6,2026-09-23 04:42:03
PAPER-20260923051901-49B0CB,NIFTY 50,NIFTY29SEP2623400CE,NIFTY,LONG,65,138.78865,139.68865,2026-09-23T10:45:00+05:30,2026-09-23T11:00:00+05:30,stop_loss,58.5,84.87,-26.37,-0.29,900,Golden_Setup (1H+VWAP+ORB),6.5,0.9,139.68865,148.5,0.0,64874026.91,23399.24,B,23417.75,12.8,2026-09-23 05:38:29
PAPER-20260923051855-FCA5F1,NIFTY BANK,BANKNIFTY29SEP2656600CE,BANKNIFTY,LONG,30,353.65329999999994,356.9239599999999,2026-09-23T10:45:00+05:30,2026-09-23T11:15:00+05:30,stop_loss,98.12,89.48,8.64,0.08,1800,Golden_Setup (1H+VWAP+ORB),8.0,0.9,356.9239599999999,411.3,0.0,4015663.81,56446.6,B,56552.15,46.3,2026-09-23 05:48:12
PAPER-20260923051858-E02193,SENSEX,SENSEX26SEP74800CE,SENSEX,LONG,20,242.64239999999998,245.64239999999998,2026-09-23T10:45:00+05:30,2026-09-23T11:15:00+05:30,stop_loss,60.0,72.97,-12.97,-0.27,1800,Golden_Setup (1H+VWAP+ORB),8.0,0.9,245.64239999999998,295.55,0.0,-6496592.32,74884.53,B,74822.86,55.8,2026-09-23 05:48:16
PAPER-20260924044849-2BDB15,SENSEX,SENSEX26SEP74100PE,SENSEX,SHORT,20,154.70454999999998,157.70454999999998,2026-09-24T10:15:00+05:30,2026-09-24T10:15:00+05:30,stop_loss,60.0,67.95,-7.95,-0.26,0,Golden_Setup (1H+VWAP+ORB),8.0,0.9,157.70454999999998,217.8,0.0,53660506.23,73814.0,C,74100.69,55.5,2026-09-24 04:57:18
PAPER-20260928042044-129738,SENSEX,SENSEX26O0173000PE,SENSEX,SHORT,20,368.16779999999994,410.9,2026-09-28T09:45:00+05:30,2026-09-28T10:15:00+05:30,target,854.64,81.75,772.89,10.5,1800,PriceAction_Momentum (Below_VWAP+SuperTrend_Bear(73518.9)+EMA_9x21_Bearish),4.0,0.76,371.16779999999994,408.2,0.0,-993926.33,73096.41,C,73041.22,45.2,2026-09-28 04:48:33
PAPER-20260928050539-B19931,NIFTY 50,NIFTY29SEP2622850PE,NIFTY,SHORT,65,75.32525,77.3203,2026-09-28T10:30:00+05:30,2026-09-28T10:45:00+05:30,stop_loss,129.68,73.24,56.44,1.15,900,Golden_Setup (1H+VWAP+ORB),8.0,0.9,77.3203,104.35,0.0,363218183.08,22788.99,B,22844.35,26.4,2026-09-28 05:27:48
PAPER-20260928050544-9C390F,SENSEX,SENSEX26O0172900PE,SENSEX,SHORT,20,368.61824999999993,378.2,2026-09-28T10:30:00+05:30,2026-09-28T11:00:00+05:30,inactivity_kill_switch,191.64,80.43,111.21,1.51,1800,Golden_Setup (1H+VWAP+ORB),8.0,0.9,347.309125,446.5,0.0,-2910255.61,73072.48,B,72949.18,81.5,2026-09-28 05:31:05
PAPER-20260928053724-51BEB7,NIFTY FIN SERVICE,FINNIFTY29SEP2624700PE,FINNIFTY,SHORT,60,117.61749999999999,111.5,2026-09-28T11:00:00+05:30,2026-09-28T11:30:00+05:30,inactivity_kill_switch,-367.05,78.39,-445.44,-6.31,1800,Golden_Setup (1H+VWAP+ORB),8.0,0.9,100.7,155.9,0.0,-6155548.07,24959.3,B,24687.6,37.3,2026-09-28 06:00:06
PAPER-20260928053718-0810B6,NIFTY 50,NIFTY29SEP2622800PE,NIFTY,SHORT,65,59.05899999999999,56.25,2026-09-28T11:00:00+05:30,2026-09-28T11:30:00+05:30,inactivity_kill_switch,-182.58,69.58,-252.16,-6.57,1800,Golden_Setup (1H+VWAP+ORB),8.0,0.9,42.3,87.6,0.0,370176184.92,22770.38,B,22823.7,27.2,2026-09-28 06:01:20
PAPER-20260928044708-23E66B,NIFTY BANK,BANKNIFTY29SEP2654600PE,BANKNIFTY,SHORT,30,223.67344999999997,225.57344999999998,2026-09-28T10:15:00+05:30,2026-09-28T11:30:00+05:30,stop_loss,57.0,78.27,-21.27,-0.32,4500,Golden_Setup (1H+VWAP+ORB),8.0,0.9,225.57344999999998,303.65,0.0,-11723435.04,54908.86,B,54623.15,84.0,2026-09-28 06:02:02
PAPER-20260930044810-409161,NIFTY BANK,BANKNIFTY27OCT2654800CE,BANKNIFTY,LONG,30,1055.0539999999999,979.1,2026-09-30T10:15:00+05:30,2026-09-30T10:30:00+05:30,stop_loss,-2278.62,144.7,-2423.32,-7.66,900,PriceAction_Momentum (ORB_Breakout_High(54625.8)+Above_VWAP+SuperTrend_Bull(54370.0)+EMA_9x21_Bullish),6.0,0.88,979.1,1080.6,0.0,5800456.91,54482.61,C,54777.25,40.6,2026-09-30 05:07:22
PAPER-20260930055229-672290,NIFTY BANK,BANKNIFTY27OCT2654700CE,BANKNIFTY,LONG,30,1066.5154499999999,1110.5,2026-09-30T11:15:00+05:30,2026-09-30T11:45:00+05:30,target,1319.54,153.0,1166.54,3.65,1800,PriceAction_Momentum (ORB_Breakout_High(54625.8)+Above_VWAP+SuperTrend_Bull(54347.9)+EMA_9x21_Bullish),6.0,0.88,1068.41545,1106.3,0.0,3954387.95,54508.87,C,54714.85,41.3,2026-09-30 06:19:00
PAPER-20260930070606-369262,SENSEX,SENSEX26O0173500CE/SENSEX26O0173900CE,SENSEX,SHORT,20,59.04,17.45,2026-09-30T12:30:00+05:30,2026-09-30T14:30:00+05:30,target,831.8,120.69,711.11,60.22,7200,Hedged_Credit_Spread,8.1,0.87,92.25,18.45,0.0,-16407270.23,73095.11,C,72935.32,0.0,2026-09-30 09:08:48
PAPER-20261001050423-CA6DAF,NIFTY BANK,BANKNIFTY27OCT2655000CE,BANKNIFTY,LONG,30,1014.7198000000001,992.6599000000001,2026-10-01T10:30:00+05:30,2026-10-01T10:30:00+05:30,stop_loss,-661.8,144.53,-806.33,-2.65,0,PriceAction_Momentum (ORB_Breakout_High(54947.8)+Above_VWAP+SuperTrend_Bull(54794.8)+EMA_9x21_Bullish+Consolidation_Breakout_Up),7.5,0.9,992.6599000000001,1080.6,0.0,12211530.95,54334.62,C,54999.7,62.1,2026-10-01 05:14:15
PAPER-20261001071935-EEF8E4,SENSEX,SENSEX26O0171900PE,SENSEX,SHORT,20,232.23199999999997,268.8,2026-10-01T12:45:00+05:30,2026-10-01T12:45:00+05:30,target,731.36,73.74,657.62,14.16,0,Golden_Setup (1H+VWAP+ORB),8.0,0.9,114.55,264.35,0.0,78639799.49,71514.14,B,71851.83,88.1,2026-10-01 07:21:37
PAPER-20261001071928-EF7279,NIFTY 50,NIFTY06OCT2622400PE,NIFTY,SHORT,65,141.39124999999999,180.4,2026-10-01T12:45:00+05:30,2026-10-01T12:45:00+05:30,target,2535.57,90.38,2445.19,26.61,0,Golden_Setup (1H+VWAP+ORB),8.0,0.9,142.29125,177.25,0.0,-115647696.39,22455.59,B,22407.5,59.1,2026-10-01 07:27:15
PAPER-20261001073313-0A60D7,NIFTY 50,NIFTY06OCT2622350PE,NIFTY,SHORT,65,126.12599999999999,127.026,2026-10-01T13:00:00+05:30,2026-10-01T13:15:00+05:30,stop_loss,58.5,82.52,-24.02,-0.29,900,Golden_Setup (1H+VWAP+ORB),8.0,0.9,127.026,202.6,0.0,-13356951.88,22360.0,B,22354.35,67.5,2026-10-01 07:56:17
PAPER-20261001073316-FF8331,SENSEX,SENSEX26O0171700PE,SENSEX,SHORT,20,165.81564999999998,176.03877999999997,2026-10-01T13:00:00+05:30,2026-10-01T13:30:00+05:30,stop_loss,204.46,68.88,135.58,4.09,1800,Golden_Setup (1H+VWAP+ORB),8.0,0.9,176.03877999999997,264.6,0.0,106755204.44,71224.56,B,71700.14,88.2,2026-10-01 08:04:25
PAPER-20261005043313-6E3DDE,SENSEX,SENSEX26O0873300CE/SENSEX26O0873600CE,SENSEX,SHORT,20,59.29,42.35,2026-10-05T10:03:13.518592+05:30,2026-10-05T15:15:17.624771+05:30,square_off_reconciled,338.8,121.38,217.42,28.57,18724,Hedged_Credit_Spread,8.5,0.89,91.12,18.23,0.0,-3161582.83,72606.58,B,72408.0,0.0,2026-10-05 09:45:17
PAPER-20261005043325-99E215,NIFTY 50,NIFTY06OCT2622800CE/NIFTY06OCT2622950CE,NIFTY,SHORT,65,14.67,5.65,2026-10-05T10:03:25.138979+05:30,2026-10-05T15:15:25.630903+05:30,square_off_reconciled,586.3,120.72,465.58,61.49,18720,Hedged_Credit_Spread,8.2,0.88,23.17,4.64,0.0,-194569269.61,22599.18,B,22567.7,0.0,2026-10-05 09:45:25
PAPER-20261006042231-EA6D88,SENSEX,SENSEX26O0872600CE,SENSEX,LONG,20,424.67425,483.95,2026-10-06T09:52:31.397354+05:30,2026-10-06T09:56:52.185234+05:30,target,1185.52,85.65,1099.87,12.95,260,Golden_Setup (1H+VWAP+ORB),4.5,0.7,427.67425,469.2,0.0,-5858561.36,72865.96,C,72641.79,42.3,2026-10-06 04:26:52
PAPER-20261006050808-A34E46,NIFTY FIN SERVICE,FINNIFTY27OCT2624850CE,FINNIFTY,LONG,60,456.45599999999996,449.5,2026-10-06T10:38:08.247041+05:30,2026-10-06T11:02:31.312316+05:30,inactivity_kill_switch,-417.36,136.31,-553.67,-2.02,1463,Golden_Setup (1H+VWAP+ORB),8.0,0.9,440.2,489.0,0.0,-44883.65,24886.97,B,24871.15,33.0,2026-10-06 05:32:31
PAPER-20261006052441-CBC387,NIFTY BANK,BANKNIFTY27OCT2655000CE,BANKNIFTY,LONG,30,918.9179999999999,924.9715999999999,2026-10-06T10:54:41.310700+05:30,2026-10-06T11:25:27.559382+05:30,stop_loss,181.61,138.05,43.56,0.16,1846,PriceAction_Momentum (Above_VWAP+SuperTrend_Bull(54688.7)+EMA_9x21_Bullish),4.0,0.76,924.9715999999999,953.65,0.0,2507028.75,54864.16,C,54969.2,30.0,2026-10-06 05:55:27
PAPER-20261006072547-55EFDE,NIFTY 50,NIFTY06OCT2622700CE,NIFTY,LONG,65,44.34429999999999,44.34429999999999,2026-10-06T12:55:47.377357+05:30,2026-10-06T13:15:22.324999+05:30,inactivity_kill_switch,0.0,67.23,-67.23,-2.33,1174,Golden_Setup (1H+VWAP+ORB),4.5,0.7,31.15,71.95,0.016,-1257331759.73,22818.11,B,22714.55,24.0,2026-10-06 07:45:22
PAPER-20261006072544-6DF719,NIFTY FIN SERVICE,FINNIFTY27OCT2624950CE,FINNIFTY,LONG,60,422.42199999999997,423.32199999999995,2026-10-06T12:55:44.352833+05:30,2026-10-06T13:30:06.821209+05:30,stop_loss,54.0,131.44,-77.44,-0.31,2062,Golden_Setup (1H+VWAP+ORB),8.0,0.9,423.32199999999995,466.0,0.054,-99285.64,24962.76,B,24926.45,44.0,2026-10-06 08:00:06
PAPER-20261006043305-38CC2B,SENSEX,SENSEX26O0873100CE/SENSEX26O0873400CE,SENSEX,SHORT,20,94.59,111.5,2026-10-06T10:03:05.055944+05:30,2026-10-06T13:45:13.412143+05:30,time_stop,-338.2,123.68,-461.88,-24.41,13328,Hedged_Credit_Spread,8.1,0.87,137.32,27.47,,,,B,72687.69,0.0,2026-10-06 08:15:13
PAPER-20261006081745-12B960,SENSEX,SENSEX26O0873400CE/SENSEX26O0873700CE,SENSEX,SHORT,20,76.51,72.05,2026-10-06T13:47:45.991348+05:30,2026-10-06T15:16:40.451514+05:30,square_off,89.2,122.29,-33.09,-2.16,5334,Hedged_Credit_Spread,8.5,0.89,113.55,22.71,0.026,-13814365.46,73276.65,B,72905.33,0.0,2026-10-06 09:46:40
PAPER-20261007041559-F879E8,NIFTY BANK,BANKNIFTY27OCT2654700PE,BANKNIFTY,SHORT,30,694.4437499999999,696.3437499999999,2026-10-07T09:45:59.498351+05:30,2026-10-07T09:50:10.915196+05:30,stop_loss,57.0,118.57,-61.57,-0.3,251,PriceAction_Momentum (1H_Trend_Emerging_Bearish(Lost_EMAs)+Below_VWAP+SuperTrend_Bear(54940.7)+EMA_9x21_Bearish),5.0,0.82,696.3437499999999,718.4,0.0,-5942216088.2,54975.61,C,54727.75,28.4
PAPER-20261007044943-475EBF,NIFTY BANK,BANKNIFTY27OCT2655200CE,BANKNIFTY,LONG,30,857.5066499999999,859.4066499999999,2026-10-07T10:19:43.640843+05:30,2026-10-07T10:23:24.154965+05:30,stop_loss,57.0,132.53,-75.53,-0.29,220,Golden_Setup (1H+VWAP+ORB),5.5,0.9,859.4066499999999,921.05,0.047,5123047800.63,54993.67,C,55168.05,30.0
PAPER-20261007044938-D6DD7C,NIFTY FIN SERVICE,FINNIFTY27OCT2624950CE,FINNIFTY,LONG,60,430.53009999999995,431.4300999999999,2026-10-07T10:19:38.327220+05:30,2026-10-07T10:35:56.651829+05:30,stop_loss,54.0,132.83,-78.83,-0.31,978,Golden_Setup (1H+VWAP+ORB),6.5,0.9,431.4300999999999,473.1,0.0,34984157.46,24911.67,B,24938.15,43.0
PAPER-20261007050737-CDA5B4,NIFTY BANK,BANKNIFTY27OCT2655100CE,BANKNIFTY,LONG,30,864.9140499999999,934.65,2026-10-07T10:37:37.953493+05:30,2026-10-07T10:55:23.144383+05:30,target,2092.08,137.31,1954.77,7.53,1065,Golden_Setup (1H+VWAP+ORB),6.5,0.9,866.8140499999998,923.65,0.073,-2373401321.56,55154.88,B,55079.05,64.1
PAPER-20261007053543-E67FFF,NIFTY 50,NIFTY13OCT2622700CE,NIFTY,LONG,65,149.69955,150.59955,2026-10-07T11:05:43.231315+05:30,2026-10-07T12:24:19.139625+05:30,stop_loss,58.5,86.89,-28.39,-0.29,4715,PriceAction_Momentum (1H_Trend_Emerging_Bullish(Reclaimed_EMAs)+ORB_Breakout_High(22693.0)+Above_VWAP+EMA_9x21_Bullish),5.5,0.76,150.59955,167.0,0.0,49957932881.3,22650.91,C,22699.5,14.0
PAPER-20261007053530-6DD895,NIFTY BANK,BANKNIFTY27OCT2655300CE,BANKNIFTY,LONG,30,854.0031499999999,758.1,2026-10-07T11:05:30.120923+05:30,2026-10-07T12:26:13.112036+05:30,inactivity_kill_switch,-2877.09,126.27,-3003.36,-11.72,4842,Golden_Setup (1H+VWAP+ORB),6.5,0.9,666.7,1062.0,0.086,3509456563.85,55187.84,B,55289.4,215.6
PAPER-20261007053540-E44042,NIFTY FIN SERVICE,FINNIFTY27OCT2625000CE,FINNIFTY,LONG,60,416.624,416.624,2026-10-07T11:05:40.133522+05:30,2026-10-07T12:28:03.631863+05:30,inactivity_kill_switch,0.0,130.34,-130.34,-0.52,4943,Golden_Setup (1H+VWAP+ORB),6.5,0.9,347.8,497.8,0.108,164697454.88,24869.05,B,24997.8,81.8
PAPER-20261007044930-FD7668,SENSEX,SENSEX26O0873500CE/SENSEX26O0873800CE,SENSEX,SHORT,20,40.31,40.31,2026-10-07T10:19:30.959609+05:30,2026-10-07T15:17:48.905748+05:30,square_off,0.0,120.3,-120.3,-14.92,17897,Hedged_Credit_Spread,8.5,0.9,64.88,12.98,0.01,11102274545.9,72807.83,B,72839.68,0.0
PAPER-20261008050127-FCC2FE,NIFTY 50,NIFTY13OCT2622450PE,NIFTY,SHORT,65,131.38125,132.28125,2026-10-08T10:31:27.696718+05:30,2026-10-08T10:35:08.236235+05:30,stop_loss,58.5,83.49,-24.99,-0.29,220,Golden_Setup (1H+VWAP+ORB),8.0,0.9,132.28125,158.0,0.0,51135913245.55,22414.39,B,22456.0,27.3
PAPER-20261008051530-1C1E54,SENSEX,SENSEX26O0872200PE,SENSEX,SHORT,20,185.03484999999998,148.9,2026-10-08T10:45:30.559024+05:30,2026-10-08T11:17:19.678880+05:30,inactivity_kill_switch,-722.7,68.09,-790.79,-21.37,1909,Golden_Setup (1H+VWAP+ORB),8.0,0.9,139.8,263.3,0.068,238982123340.5,71921.83,C,72186.72,81.7
PAPER-20261008060035-B9BF66,NIFTY BANK,BANKNIFTY27OCT2654700PE,BANKNIFTY,SHORT,30,689.2385499999999,638.4,2026-10-08T11:30:35.363034+05:30,2026-10-08T11:42:14.498164+05:30,stop_loss,-1525.16,114.91,-1640.07,-7.93,699,PriceAction_Momentum (1H_Trend_Emerging_Bearish(Lost_EMAs)+ORB_Breakdown_Low(54767.6)+Below_VWAP+SuperTrend_Bear(54940.7)+EMA_9x21_Bearish+Consolidation_Breakdown_Down),8.5,0.9,638.4,714.6,0.101,-10055046770.0,55139.26,C,54723.45,30.0
PAPER-20261008060043-76F26D,NIFTY FIN SERVICE,FINNIFTY27OCT2624700PE,FINNIFTY,SHORT,60,348.99864999999994,319.95,2026-10-08T11:30:43.506748+05:30,2026-10-08T11:53:03.781395+05:30,stop_loss,-1742.92,115.22,-1858.14,-8.87,1340,PriceAction_Momentum (1H_Trend_Emerging_Bearish(Lost_EMAs)+ORB_Breakdown_Low(24745.8)+Below_VWAP+SuperTrend_Bear(24926.4)+EMA_9x21_Bearish),7.0,0.9,319.95,362.65,0.294,-246069431.21,24864.57,C,24708.0,14.0
PAPER-20261008060028-2BCC52,NIFTY 50,NIFTY13OCT2622350PE,NIFTY,SHORT,65,152.25209999999998,143.35,2026-10-08T11:30:28.220273+05:30,2026-10-08T12:01:05.716821+05:30,inactivity_kill_switch,-578.64,86.07,-664.71,-6.72,1837,Golden_Setup (1H+VWAP+ORB),9.5,0.9,102.25,236.05,0.166,37122805422.1,22305.46,B,22336.15,78.7
PAPER-20261008060031-6E273A,SENSEX,SENSEX26O0871900PE,SENSEX,SHORT,20,188.88869999999997,141.0,2026-10-08T11:30:31.352852+05:30,2026-10-08T12:02:44.469540+05:30,inactivity_kill_switch,-957.77,67.83,-1025.6,-27.15,1933,Golden_Setup (1H+VWAP+ORB),9.5,0.9,112.65,259.85,0.056,462753413050.39,71357.94,C,71922.72,86.6
